division_bn,constituency_no,seat_bn,slot1_party,slot1_candidate,slot2_party,slot2_candidate,slot3_party,slot3_candidate,slot4_party,slot4_candidate,notes
রংপুর বিভাগ,1,পঞ্চগড়-১,বিএনপি,মোহাম্মদ নওশাদ জমির,এনসিপি,সারজিস আলম,,আইএবি,,,জাপা
রংপুর বিভাগ,2,পঞ্চগড়-২,বিএনপি,ফরহাদ হোসেন আজাদ,জামাত,মুহাম্মদ শফিউল্লাহ সুফী,জাপা,মোঃ লুৎফর রহমান রিপন,আইএবি,কামরুল হাসান প্রধান,
রংপুর বিভাগ,3,ঠাকুরগাঁও-১,বিএনপি,মির্জা ফখরুল ইসলাম আলমগীর,জামাত,দেলওয়ার হোসেন,,আইএবি,,,জাপা | খাদেমুল ইসলাম
রংপুর বিভাগ,4,ঠাকুরগাঁও-২,বিএনপি,আব্দুস সালাম,জামাত,আব্দুল হাকিম,জাপা,নুরুন নাহার বেগম,আইএবি,রেজাউল করীম,
রংপুর বিভাগ,5,ঠাকুরগাঁও-৩,বিএনপি,জাহিদুর রহমান,জামাত,মিজানুর রহমান,জাপা,হাফিজ উদ্দিন,আইএবি,মো. আল আমিন,
রংপুর বিভাগ,6,দিনাজপুর-১,বিএনপি,মো. মনজুরুল ইসলাম,জামাত,মো. মতিউর রহমান,জাপা,শাহিনুর ইসলাম,আইএবি,মো. চাঁন মিঞা,
রংপুর বিভাগ,7,দিনাজপুর-২,বিএনপি,মো. সাদিক রিয়াজ,জামাত,এ. কে. এম. আফজালুল আনাম,জাপা,মোঃ জুলফিকার রহমান,আইএবি,রেদওয়ানুল করীম রাবিদ,
রংপুর বিভাগ,8,দিনাজপুর-৩,বিএনপি,সৈয়দ জাহাঙ্গীর আলম,জামাত,মাইনুল আলম,জাপা,আহম্মেদ শফি রুবেল,আইএবি,অধ্যক্ষ মুহা. খাইরুজ্জামান,
রংপুর বিভাগ,9,দিনাজপুর-৪,বিএনপি,আখতারুজ্জামান মিয়া,জামাত,মো. আফতাব উদ্দিন মোল্লা,জাপা,নূরল আমিন শাহ,আইএবি,আনোয়ার হোসেন নদভী,
রংপুর বিভাগ,10,দিনাজপুর-৫,বিএনপি,এ কে এম কামরুজ্জামান,এনসিপি,মো. আব্দুল আহাদ,জাপা,হাজী আব্দুল গফুর,,,আইএবি
রংপুর বিভাগ,11,দিনাজপুর-৬,বিএনপি,এ জেড এম জাহিদ হোসেন,জামাত,মো. আনোয়ারুল ইসলাম,জাপা,মোঃ রেজাউল হক,আইএবি,নূরে আলম সিদ্দিকী,
রংপুর বিভাগ,12,নীলফামারী-১,জমিয়ত,মঞ্জুরুল ইসলাম আফেন্দী,জামাত,আব্দুস সাত্তার,জাপা,মো তসলিম উদ্দিন,আইএবি,মুহামাদ আব্দুল জলিল,
রংপুর বিভাগ,13,নীলফামারী-২,বিএনপি,শাহরিন ইসলাম চৌধুরী তুহিন,জামাত,আল ফারুক আব্দুল লতিফ,,আইএবি,,,জাপা | মাও. হাছিবুল ইসলাম
রংপুর বিভাগ,14,নীলফামারী-৩,বিএনপি,রোহান চৌধুরী,জামাত,ওবাইদুল্লাহ খান সালাফী,জাপা,নির্ধারিত হবে,আইএবি,আমজাদ হোসেন সরকার,
রংপুর বিভাগ,15,নীলফামারী-৪,বিএনপি,মো. আব্দুল গাফুর সরকার,জামাত,আব্দুল মোন্তাকিম,জাপা,সিদ্দিকুর আলম,আইএবি,মো. শহিদুল ইসলাম,
রংপুর বিভাগ,16,লালমনিরহাট-১,বিএনপি,মো. হাসান রাজিব প্রধান,জামাত,আনোয়ারুল ইসলাম রাজু,জাপা,মসিউর রহমান রাঙ্গা,আইএবি,ফজলুল করীম শাহারিয়া,
রংপুর বিভাগ,17,লালমনিরহাট-২,বিএনপি,রোকন উদ্দিন বাবুল,জামাত,ফিরোজ হায়দার লাভলু,জাপা,ইন্জিনিয়ার মোঃ এলাহান উদ্দিন,আইএবি,মুফতি মাহফুজুর রহমান,
রংপুর বিভাগ,18,লালমনিরহাট-৩,বিএনপি,আসাদুল হাবিব দুলু,জামাত,অ্যাডভোকেট আবু তাহের,জাপা,জাহিদ হাসান,আইএবি,আমিনুল ইসলাম,
রংপুর বিভাগ,19,রংপুর-১,বিএনপি,মো. মোকাররম হোসেন সুজন,জামাত,রায়হান সিরাজী,জাপা,মোঃ মঞ্জুম আলী,আইএবি,এ টি এম গোলাম মোস্তফা,
রংপুর বিভাগ,20,রংপুর-২,বিএনপি,মোহাম্মদ আলী সরকার,জামাত,এ টি এম আজহারুল ইসলাম,জাপা,আনিসুল ইসলাম মন্ডল,আইএবি,মাওলানা আশরাফ আলী,
রংপুর বিভাগ,21,রংপুর-৩,বিএনপি,মো. শামসুজ্জামান সামু,জামাত,মাহবুবুর রহমান বেলাল,জাপা,জি এম কাদের,আইএবি,মো. আমিরুজ্জামান পিয়াল,
রংপুর বিভাগ,22,রংপুর-৪,বিএনপি,মোহাম্মদ এমদাদুল হক ভরসা,এনসিপি,আখতার হোসেন,জাপা,মো. মাহবুবার রহমান,আইএবি,মুহাম্মদ জাহিদ হোসেন,
রংপুর বিভাগ,23,রংপুর-৫,বিএনপি,মো. গোলাম রব্বানী,জামাত,মো. গোলাম রব্বানী,জাপা,এস এম ফখরউজ্জামান,আইএবি,অধ্যক্ষ গোলজার হোসেন,
রংপুর বিভাগ,24,রংপুর-৬,বিএনপি,মো. সাইফুল ইসলাম,জামাত,মো. নুরুল আমিন,জাপা,নূরে আলম জাদু,আইএবি,মাওলানা সুলতান মাহমুদ,
রংপুর বিভাগ,25,কুড়িগ্রাম-১,বিএনপি,সাইফুর রহমান রানা,জামাত,আনোয়ারুল ইসলাম,জাপা,এ কে এম মোস্তাফিজুর রহমান,আইএবি,মুহাম্মদ হারিসুল বারী,
রংপুর বিভাগ,26,কুড়িগ্রাম-২,বিএনপি,মো. সোহেল হোসেন কায়কোবাদ,এনসিপি,আতিক মুজাহিদ,জাপা,পনির উদ্দিন আহমেদ,আইএবি,মুহাম্মদ নুর বখত,
রংপুর বিভাগ,27,কুড়িগ্রাম-৩,বিএনপি,তাজভিরুল ইসলাম,জামাত,মাহবুব আলম সালেহী,জাপা,আব্দুস সোবহান,আইএবি,আক্কাছ আলী সরকার,
রংপুর বিভাগ,28,কুড়িগ্রাম-৪,বিএনপি,মো. আজিজুর রহমান,জামাত,মোস্তাফিজুর রহমান মোস্তাক,জাপা,কে এম ফজলুল হক মন্ডল,আইএবি,অধ্যাপক হাফিজুর রহমান,
রংপুর বিভাগ,29,গাইবান্ধা-১,বিএনপি,খন্দকার জিয়াউল ইসলাম মোহাম্মদ আলী,জামাত,মাজেদুল ইসলাম,জাপা,শামীম হায়দার পাটোয়ারী,আইএবি,মুহাম্মদ রমজান আলী,
রংপুর বিভাগ,30,গাইবান্ধা-২,বিএনপি,মো. আনিসুজ্জামান খান বাবু,জামাত,আব্দুল করিম সরকার,জাপা,আব্দুর রশিদ সরকার,আইএবি,মুহা. আব্দুল মাজেদ,
রংপুর বিভাগ,31,গাইবান্ধা-৩,বিএনপি,সৈয়দ মাইনুল হাসান সাদিক,জামাত,নাজমুল ইসলাম,জাপা,মইনুর রাব্বি চৌধুরী,আইএবি,এ টি এম আওলাদ হোসেন,
রংপুর বিভাগ,32,গাইবান্ধা-৪,বিএনপি,শামীম কায়সার লিংকন,জামাত,আব্দুর রহিম সরকার,জাপা,কাজী মোঃ মশিউর রহমান,আইএবি,তৌহিদুল ইসলাম তুহিন,
রংপুর বিভাগ,33,গাইবান্ধা-৫,বিএনপি,মো. ফারুক আলম সরকার,জামাত,আব্দুল্লাহ ওয়ারিস,জাপা,শামীম হায়দার পাটোয়ারী,আইএবি,মো. আজিজুল ইসলাম,
রাজশাহী বিভাগ,34,জয়পুরহাট-১,বিএনপি,মো. মাসুদ রানা প্রধাণ,জামাত,ফজলুর রহমান সাঈদ,,আইএবি,,,জাপা
রাজশাহী বিভাগ,35,জয়পুরহাট-২,বিএনপি,আব্দুল বারি,জামাত,এস এম রাশেদুল আলম সবুজ,,আইএবি,,,জাপা
রাজশাহী বিভাগ,36,বগুড়া-১,বিএনপি,কাজী রফিকুল ইসলাম,জামাত,শাহাবুদ্দিন,,আইএবি,,,জাপা | এ বি এ মোস্তফা কামাল পাশা
রাজশাহী বিভাগ,37,বগুড়া-২,বিএনপি,মীর শাহে আলম,জামাত,মো. শাহাদুজ্জামান,জাপা,শরিফুল ইসলাম জিন্না,আইএবি,মো. জামাল উদ্দিন,
রাজশাহী বিভাগ,38,বগুড়া-৩,বিএনপি,আব্দুল মুহিত তালুকদার,জামাত,নূর মোহাম্মদ আবু তাহের,জাপা,মো. শাইনুল ইসলাম,আইএবি,শাহজাহান আলী তালুকদার,
রাজশাহী বিভাগ,39,বগুড়া-৪,বিএনপি,মোশারফ হোসেন,জামাত,মোস্তফা ফয়সাল পারভেজ,জাপা,শাহিন মোস্তফা কামাল,আইএবি,মুহা. ইদ্রিস আলী,
রাজশাহী বিভাগ,40,বগুড়া-৫,বিএনপি,গোলাম মোহাম্মদ সিরাজ,জামাত,মো. দাবিউর রহমান,,আইএবি,,,জাপা | মাহমুদুর রহমান চুন্নু
রাজশাহী বিভাগ,41,বগুড়া-৬,বিএনপি,তারেক রহমান,জামাত,আবিদুর রহমান সোহেল,,আইএবি,,,জাপা | আ ন ম মামুনুর রশিদ
রাজশাহী বিভাগ,42,বগুড়া-৭,বিএনপি,মোরশেদ আলম,জামাত,গোলাম রব্বানী,,আইএবি,,,জাপা | মুহা. শফিকুল ইসলাম
রাজশাহী বিভাগ,43,চাঁপাইনবাবগঞ্জ-১,বিএনপি,শাহজাহান মিয়া,জামাত,কেরামত আলী,জাপা,আফজাল হোসেন,আইএবি,মো. মনিরুল ইসলাম,
রাজশাহী বিভাগ,44,চাঁপাইনবাবগঞ্জ-২,বিএনপি,মো. আমিনুল ইসলাম,জামাত,মিজানুল রহমান,জাপা,মোহাম্মদ খুরশিদ আলম,আইএবি,ডা. ইব্রাহীম খলীল,
রাজশাহী বিভাগ,45,চাঁপাইনবাবগঞ্জ-৩,বিএনপি,হারুনুর রশীদ,জামাত,নুরুল ইসলাম বুলবুল,,আইএবি,,,জাপা | ডা. মনিরুল ইসলাম
রাজশাহী বিভাগ,46,নওগাঁ-১,বিএনপি,মো. মোস্তাফিজুর রহমান,জামাত,মাহতাবুল হক,জাপা,মোহাম্মদ আকবর আলী,আইএবি,মাও. আব্দুল হক শাহ,
রাজশাহী বিভাগ,47,নওগাঁ-২,বিএনপি,শামসুজ্জোহা খান,জামাত,এনামুল হক,,আইএবি,,,জাপা
রাজশাহী বিভাগ,48,নওগাঁ-৩,বিএনপি,মো. ফজলে হুদা বাবুল,জামাত,মোহাম্মদ মাহফুজুর রহমান,জাপা,মোহাম্মদ মাসুদ রানা,আইএবি,নাসির বিন আছগর,
রাজশাহী বিভাগ,49,নওগাঁ-৪,বিএনপি,ইকরামুল বারি টিপু,জামাত,খন্দকার মোহাম্মদ আবদুর রাকিব,জাপা,মোহাম্মদ আলতাফ হোসেন,আইএবি,মাওলানা সোহরাব হোসেন,
রাজশাহী বিভাগ,50,নওগাঁ-৫,বিএনপি,জাহিদুল ইসলাম ধলু,জামাত,এ এস এম আয়েম,জাপা,মোহাম্মদ আনোয়ার হোসেন,আইএবি,মাওলানা আব্দুর রহমান,
রাজশাহী বিভাগ,51,নওগাঁ-৬,বিএনপি,শেখ মো. রেজাউল ইসলাম রেজু,জামাত,মোহাম্মদ কবিরুল ইসলাম,,আইএবি,,,জাপা | মাও রফিকুল ইসলাম
রাজশাহী বিভাগ,52,রাজশাহী-১,বিএনপি,মো. শরিফ উদ্দিন,জামাত,মুজিবুর রহমান,,আইএবি,,,জাপা
রাজশাহী বিভাগ,53,রাজশাহী-২,বিএনপি,মিজানুর রহমান মিনু,জামাত,মোহাম্মদ জাহাঙ্গীর,,আইএবি,,,জাপা | মো. ফজলুল করীম
রাজশাহী বিভাগ,54,রাজশাহী-৩,বিএনপি,মো. শফিকুল হক মিলন,জামাত,আবুল কালাম আজাদ,জাপা,মোহাম্মদ আফজাল হোসেন,আইএবি,মো. ফজলুর রহমান,
রাজশাহী বিভাগ,55,রাজশাহী-৪,বিএনপি,ডি. এম. জিয়াউর রহমান জিয়া,জামাত,আব্দুল বারী সর্দার,জাপা,মোহাম্মদ ফজলুল হক,আইএবি,তাজুল ইসলাম খান,
রাজশাহী বিভাগ,56,রাজশাহী-৫,বিএনপি,নজরুল ইসলাম,জামাত,মনজুর রহমান,,আইএবি,,,জাপা | মুহা. রুহুল আমীন
রাজশাহী বিভাগ,57,রাজশাহী-৬,বিএনপি,আবু সাঈদ চাদ,জামাত,নাজমুল হক,জাপা,মোহাম্মদ ইকবাল,আইএবি,মো. সুরুজ মোল্লা,
রাজশাহী বিভাগ,58,নাটোর-১,বিএনপি,ফারজানা শারমিন,জামাত,আবুল কালাম আজাদ,,আইএবি,,,জাপা | ড. মো. আব্দুল্লাহিল বাকী
রাজশাহী বিভাগ,59,নাটোর-২,বিএনপি,রুহুল কুদ্দুস তালুকদার দুলু,জামাত,মো. ইউনুস আলি,জাপা,মো. কবিরউদ্দিন কমল,আইএবি,মাওলানা মোহাম্মদ আলী,
রাজশাহী বিভাগ,60,নাটোর-৩,বিএনপি,মোঃ আনোয়ারুল ইসলাম,এনসিপি,এস এম জার্জিস কাদির,জাপা,মো. আশিক ইকবাল,আইএবি,মাও খলিলুর রহমান,
রাজশাহী বিভাগ,61,নাটোর-৪,বিএনপি,মো. আব্দুল আজিজ,জামাত,আব্দুল হাকিম,জাপা,এম ইউসুফ আহমেদ,আইএবি,মাওলানা এমদাদুল্লাহ,
রাজশাহী বিভাগ,62,সিরাজগঞ্জ-১,বিএনপি,সেলিম রেজা,জামাত,মাওলানা শাহীনুর আলম,জাপা,মো. জহরুল ইসলাম,,,আইএবি
রাজশাহী বিভাগ,63,সিরাজগঞ্জ-২,বিএনপি,ইকবাল হাসান মাহমুদ টুকু,জামাত,মোঃ জাহিদুল ইসলাম,,আইএবি,,,জাপা | মুফতি মুহিব্বুল্লাহ
রাজশাহী বিভাগ,64,সিরাজগঞ্জ-৩,বিএনপি,আইনুল হক,বিকেএম,আব্দুর রউফ,জাপা,মো. ফজলুল হক,,,আইএবি
রাজশাহী বিভাগ,65,সিরাজগঞ্জ-৪,বিএনপি,এম আকবর আলী,জামাত,রফিকুল ইসলাম খান,জাপা,মো. হিলতন প্রামাণিক,আইএবি,মুফতি আব্দুর রহমান,
রাজশাহী বিভাগ,66,সিরাজগঞ্জ-৫,বিএনপি,মো. আমিরুল ইসলাম খান আলীম,জামাত,আলি আজগর,জাপা,মো. আকবর হোসেন,আইএবি,শেখ মুহাম্মাদ নুরুন নাবী,
রাজশাহী বিভাগ,67,সিরাজগঞ্জ-৬,বিএনপি,এম. এ. মুহিত,এনসিপি,এস এম সাইফ মোস্তাফিজ,জাপা,মো. মুক্তার হোসেন,আইএবি,মিসবাহ উদ্দিন,
রাজশাহী বিভাগ,68,পাবনা-১,বিএনপি,মো. শামসুর রহমান,জামাত,ব্যারিস্টার নাজিবুর রহমান মোমেন,,আইএবি,,,জাপা | মাওলানা আব্দুল গণি
রাজশাহী বিভাগ,69,পাবনা-২,বিএনপি,এ. কে. এম. সেলিম রেজা হাবিব,জামাত,কে এম হেসাব উদ্দিন,জাপা,মো. মেহেদী রুবেল,আইএবি,মাও আফজাল কাসেমী,
রাজশাহী বিভাগ,70,পাবনা-৩,বিএনপি,হাসান জাফির তুহিন,জামাত,আলী আজগর,জাপা,মীর নাদি,আইএবি,মো. আব্দুল খালেক,
রাজশাহী বিভাগ,71,পাবনা-৪,বিএনপি,হাবিবুর রহমান হাবিব,জামাত,অধ্যাপক আবু তালেব মন্ডল,জাপা,মো. সাইফুল আজাদ মল্লিক,আইএবি,মাও আনোয়ার হোসাইন,
রাজশাহী বিভাগ,72,পাবনা-৫,বিএনপি,মো. শামসুর রহমান শিমুল বিশ্বাস,জামাত,প্রিন্সিপাল ইকবাল হুসাইন,,আইএবি,,,জাপা | মুফতি নাজমুল
খুলনা বিভাগ,73,মেহেরপুর-১,বিএনপি,মাসুদ অরুণ,জামাত,তাজউদ্দীন খান,,আইএবি,,,জাপা
খুলনা বিভাগ,74,মেহেরপুর-২,বিএনপি,আমজাদ হোসেন,জামাত,মো. নাজমুল হুদা,জাপা,মোহাম্মদ আব্দুল বাকি,,,আইএবি
খুলনা বিভাগ,75,কুষ্টিয়া-১,বিএনপি,রেজা আহমেদ বাচ্চু,জামাত,মাওলানা বেলাল উদ্দীন,জাপা,মো. শাহিয়ার জামিল,আইএবি,মুফতি আমিনুল ইসলাম,
খুলনা বিভাগ,76,কুষ্টিয়া-২,বিএনপি,রাগিব রউফ চৌধুরী,জামাত,আব্দুল গফুর,,আইএবি,,,জাপা | অধ্যক্ষ মোহাম্মদ আলী
খুলনা বিভাগ,77,কুষ্টিয়া-৩,বিএনপি,ইঞ্জিনিয়ার জাকির হোসেন সরকার,জামাত,মুফতি আমির হামজা,,আইএবি,,,জাপা | মুহা. আব্দুল্লাহ আকন
খুলনা বিভাগ,78,কুষ্টিয়া-৪,বিএনপি,সৈয়দ মেহেদী আহমেদ রুমী,জামাত,আফজাল হোসেন,,আইএবি,,,জাপা | আনোয়ার খান
খুলনা বিভাগ,79,চুয়াডাঙ্গা-১,বিএনপি,মো. শরিফুজ্জামান,জামাত,মাসুদ পারভেজ রাসেল,,আইএবি,,,জাপা | জহুরুল ইসলাম আজিজী
খুলনা বিভাগ,80,চুয়াডাঙ্গা-২,বিএনপি,মাহমুদ হাসান খান,জামাত,মো. রুহুল আমিন,,আইএবি,,,জাপা | মো. হাসানুজ্জামান সজিব
খুলনা বিভাগ,81,ঝিনাইদহ-১,বিএনপি,নির্ধারিত হবে,জামাত,এ এস এম মতিউর রহমান,জাপা,মনিকা আলম,,,আইএবি
খুলনা বিভাগ,82,ঝিনাইদহ-২,বিএনপি,নির্ধারিত হবে,জামাত,আলী আজম মো. আবু বকর,জাপা,সওকাতুল ইসলাম,আইএবি,এইচ এম মোমতাজুল করীম,
খুলনা বিভাগ,83,ঝিনাইদহ-৩,বিএনপি,মোহাম্মদ মেহেদী হাসান,জামাত,মতিউর রহমান,,আইএবি,,,জাপা | মাওলানা সরোয়ার হোসেন
খুলনা বিভাগ,84,ঝিনাইদহ-৪,বিএনপি,নির্ধারিত হবে,জামাত,আবু তালেব,জাপা,এমদাদুল ইসলাম বাচ্চু,আইএবি,আহমদ আব্দুল জলিল,
খুলনা বিভাগ,85,যশোর-১,বিএনপি,মফিকুল হাসান তৃপ্তি,জামাত,আজিজুর রহমান,জাপা,মো. মোস্তফা জাহাঙ্গীর আলম চঞ্চল,আইএবি,মো. বক্তিয়ার রহমান,
খুলনা বিভাগ,86,যশোর-২,বিএনপি,মোসা. সাবিরা সুলতানা,জামাত,মুসলেহ উদ্দীন ফরিদ,,আইএবি,,,জাপা | মাস্টার ইদ্রিস আলী
খুলনা বিভাগ,87,যশোর-৩,বিএনপি,অনিন্দ্য ইসলাম অমিত,জামাত,আব্দুল কাদের,জাপা,মোহাম্মদ খবির গাজী,আইএবি,মাওলানা শোয়াইব হোসেন,
খুলনা বিভাগ,88,যশোর-৪,বিএনপি,টি. এস. আয়ুব,জামাত,গোলাম রসুল,জাপা,মোহাম্মদ জহরুল হক,আইএবি,অ্যাড. বায়েজিদ হোসেন,
খুলনা বিভাগ,89,যশোর-৫,বিএনপি,এম ইকবাল হোসেন,জামাত,গাজী ইনামুল হক,জাপা,এম এ হালিম,আইএবি,মাস্টার জয়নাল আবেদিন,
খুলনা বিভাগ,90,যশোর-৬,বিএনপি,কাজী রওনকুল ইসলাম স্রাবণ,জামাত,মোক্তার আলী,জাপা,জি এম হাসান,আইএবি,গাজী শহিদুল ইসলাম,
খুলনা বিভাগ,91,মাগুরা-১,বিএনপি,মনোয়ার হোসেন খান,জামাত,আব্দুল মতিন,জাপা,মো. জাকির হোসেন মোল্লা,আইএবি,মাওলানা নাজিরুল ইসলাম,
খুলনা বিভাগ,92,মাগুরা-২,বিএনপি,নিতাই রায় চৌধুরী,জামাত,মো. মুশতারশেদ বিল্লাহ,জাপা,মশিয়ার রহমান,আইএবি,মুফতি মোস্তফা কামাল,
খুলনা বিভাগ,93,নড়াইল-১,বিএনপি,বিশ্বাস জাহাঙ্গীর আলম,জামাত,ওবায়দুল্লাহ কায়সার,জাপা,মো. মিলটন মোল্লা,আইএবি,মাওলানা আব্দুল আজিজ,
খুলনা বিভাগ,94,নড়াইল-২,বিএনপি,মোঃ মনিরুল ইসলাম,জামাত,আতাউর রহমান বাচ্চু,জাপা,খন্দকার ফাইকুজ্জামান,আইএবি,মুহাম্মদ তাজুল ইসলাম,
খুলনা বিভাগ,95,বাগেরহাট-১,বিএনপি,কপিল কৃষ্ণ মন্ডল,জামাত,মশহুর রহমান খান,জাপা,গোলাম সারোয়ার,,,আইএবি
খুলনা বিভাগ,96,বাগেরহাট-২,বিএনপি,শেখ মোহাম্মদ জাকির হোসেন,জামাত,শেখ মনজুরুল হক রাহাদ,,আইএবি,,,জাপা | অ্যাড. শেখ আতিয়ার রহমান
খুলনা বিভাগ,97,বাগেরহাট-৩,বিএনপি,শেখ ফরিদুল ইসলাম,জামাত,মোহাম্মদ আব্দুল ওয়াদুদ শেখ,,আইএবি,,,জাপা | অধ্যক্ষ জিল্লুর রহমান
খুলনা বিভাগ,98,বাগেরহাট-৪,বিএনপি,সোমনাথ দে,জামাত,আব্দুল আলীম,জাপা,সজন কুমার মিস্ত্রি,আইএবি,ওমর ফারুক নূরী,
খুলনা বিভাগ,99,খুলনা-১,বিএনপি,আমির এজাজ খান,জামাত,কৃষ্ণ নন্দী,জাপা,মো. জাহাঙ্গীর হোসেন,আইএবি,মাওলানা আবু সাঈদ,
খুলনা বিভাগ,100,খুলনা-২,বিএনপি,নজরুল ইসলাম মঞ্জু,জামাত,শেখ জাহাঙ্গীর হোসেন হেলাল,,আইএবি,,,জাপা | মাওলানা আবু সাঈদ
খুলনা বিভাগ,101,খুলনা-৩,বিএনপি,রকিবুল ইসলাম বকুল,জামাত,মাহফুজুর রহমান,জাপা,মোহাম্মদ আব্দুল্লাহ আল মামু,আইএবি,মাও আব্দুল আউয়াল,
খুলনা বিভাগ,102,খুলনা-৪,বিএনপি,আজিজুল বারি হেলাল,কেএম,সাখাওয়াত হোসাইন,,আইএবি,,,জাপা | ইউনুস আহম্মেদ শেখ
খুলনা বিভাগ,103,খুলনা-৫,বিএনপি,আলী আসগর লবি,জামাত,মিয়া গোলাম পরওয়ার,জাপা,শামীম আরা পারভীন ইয়াসমিন,,,আইএবি
খুলনা বিভাগ,104,খুলনা-৬,বিএনপি,মনিরুল হাসান বাপ্পী,জামাত,মো. আবুল কালাম আজাদ,জাপা,মো. মোস্তফা কামাল জাহাঙ্গীর,আইএবি,আছাদুল্লাহ আল-গালিব,
খুলনা বিভাগ,105,সাতক্ষীরা-১,বিএনপি,হাবিবুল ইসলাম হাবিব,জামাত,মো. ইজ্জত উল্লাহ,জাপা,জিয়াউর রহমান,আইএবি,মাওলানা রেজাউল করীম,
খুলনা বিভাগ,106,সাতক্ষীরা-২,বিএনপি,আব্দুর রউফ,জামাত,মুহাদ্দিস আব্দুল খালেক,জাপা,আশরাফুজ্জামান আশু,আইএবি,মুফতি রবীউল ইসলাম,
খুলনা বিভাগ,107,সাতক্ষীরা-৩,বিএনপি,কাজী আলাউদ্দিন,জামাত,মুহাদ্দিস রবিউল বাশার,জাপা,মোহাম্মদ আলিফ হোসেন,আইএবি,কাজী মো. ওয়েজ কুরনী,
খুলনা বিভাগ,108,সাতক্ষীরা-৪,বিএনপি,মো. মনিরুজ্জামান,জামাত,গাজী নজরুল ইসলাম,জাপা,মোহাম্মদ আব্দুর রশিদ,আইএবি,মোস্তফা আল মামুন মনির,
বরিশাল বিভাগ,109,বরগুনা-১,বিএনপি,মো. নজরুল ইসলাম মোল্লা,কেএম,জাহাঙ্গীর হোসাইন,,আইএবি,,,জাপা | মাহমুদুল হাসান উলীউল্লাহ
বরিশাল বিভাগ,110,বরগুনা-২,বিএনপি,নুরুল ইসলাম মনি,জামাত,সুলতান আহমেদ,জাপা,এড. আব্দুল লতিফ ফরাজী,আইএবি,মুফতি মিজানুর রহমান,
বরিশাল বিভাগ,111,পটুয়াখালী-১,বিএনপি,আলতাফ হোসেন চৌধুরী,জামাত,নাজমুল আহসান,জাপা,আঃ মান্নান হাওলাদার,আইএবি,মো. ফিরোজ আলম,
বরিশাল বিভাগ,112,পটুয়াখালী-২,বিএনপি,মোঃ শহীদুল আলম তালুকদার,জামাত,মো. শফিকুল ইসলাম মাসুদ,,আইএবি,,,জাপা | আব্দুল মালেক আনোয়ারী
বরিশাল বিভাগ,113,পটুয়াখালী-৩,গণঅধিকার,নুরুল হক নুর,জামাত,শাহ আলম,,আইএবি,,,জাপা | মু. আবু বক্কর ছিদ্দিকী
বরিশাল বিভাগ,114,পটুয়াখালী-৪,বিএনপি,এ. বি. এম. মোশাররফ হোসেন,কেএম,জহির উদ্দীন আহমদ,,আইএবি,,,জাপা | অধ্যাপক মোস্তফিজুর রহমান
বরিশাল বিভাগ,115,ভোলা-১,বিজেপি,আন্দালিব রহমান পার্থ,জামাত,মো. নজরুল ইসলাম,জাপা,মোঃ আকবর হোসাইন,আইএবি,ওবায়দুর রহমান বিন মোস্তফা,
বরিশাল বিভাগ,116,ভোলা-২,বিএনপি,হাফিজ ইব্রাহিম,জামাত,ফজলুল করিম,জাপা,অ্যাডভোকেট মোঃ জাহাঙ্গীর আলম মিঠু,,,আইএবি
বরিশাল বিভাগ,117,ভোলা-৩,বিএনপি,হাফিজ উদ্দিন আহমদ,বিডিপি,নিজামুল হক,জাপা,মোঃ কামাল উদ্দিন,আইএবি,মাওলানা মোসলেহ উদ্দিন,
বরিশাল বিভাগ,118,ভোলা-৪,বিএনপি,মো. নুরুল ইসলাম নয়ন,জামাত,মোস্তফা কামাল,জাপা,এম মিজানুর রহমান হাওলাদার,আইএবি,আবুল মোকাররম মো. কামাল উদ্দিন,
বরিশাল বিভাগ,119,বরিশাল-১,বিএনপি,জহির উদ্দিন স্বপন,জামাত,কামরুল ইসলাম,,আইএবি,,,জাপা | মো. রাসেল সরদার
বরিশাল বিভাগ,120,বরিশাল-২,বিএনপি,সরদার শরফুদ্দিন আহমেদ শান্তু,জামাত,আব্দুল মান্নান,জাপা,এম. A. জলিল,আইএবি,মুহা. নেছার উদ্দিন,
বরিশাল বিভাগ,121,বরিশাল-৩,বিএনপি,জয়নুল আবেদীন,এবি পার্টি,আসাদুজ্জামান ফুয়াদ,জাপা,গোলাম কিবরিয়া টিপু,আইএবি,মুহা. সিরাজুল ইসলাম,
বরিশাল বিভাগ,122,বরিশাল-৪,বিএনপি,মো. রাজিব আহসান,জামাত,আব্দুল জব্বার,,আইএবি,,,জাপা | সৈয়দ এসহাক মো. আবুল খায়ের
বরিশাল বিভাগ,123,বরিশাল-৫,বিএনপি,মজিবুর রহমান সরওয়ার,ইসলামী আন্দোলনের প্রার্থীকে সমর্থন[১],জাপা,আখতার রহমান,আইএবি,,,সৈয়দ ফয়জুল করিম
বরিশাল বিভাগ,124,বরিশাল-৬,বিএনপি,আবুল হোসেন খান,জামাত,মাহমুদুননবী,,আইএবি,,,জাপা
বরিশাল বিভাগ,125,ঝালকাঠি-১,বিএনপি,রফিকুল ইসলাম জামাল,জামাত,ফয়জুল হক,জাপা,মো কামরুজ্জামান খান,আইএবি,ইব্রাহিম আল হাদী,
বরিশাল বিভাগ,126,ঝালকাঠি-২,বিএনপি,ইসরাত সুলতানা ইলেন ভুট্টো,জামাত,শেখ নেয়ামুল করিম,,আইএবি,,,জাপা | সিরাজুল ইসলাম সিরাজী
বরিশাল বিভাগ,127,পিরোজপুর-১,বিএনপি,আলমগীর হোসেন,জামাত,মাসুদ সাঈদী,,আইএবি,,,জাপা
বরিশাল বিভাগ,128,পিরোজপুর-২,বিএনপি,আহাম্মদ সোহেল মনজুর,জামাত,শামীম সাঈদী,,আইএবি,,,জাপা | আবুল কালাম আজাদ
বরিশাল বিভাগ,129,পিরোজপুর-৩,বিএনপি,মো. রুহুল আমিন দুলাল,এনসিপি,শামীম হামিদী,জাপা,মাসরেকুল আজম রবি,আইএবি,রুস্তম আলী ফরাজী,
ময়মনসিংহ বিভাগ,138,জামালপুর-১,বিএনপি,এম. রশিদুজ্জামান মিল্লাত,জামাত,নাজমুল হক সাঈদী,জাপা,এ.কে.এম ফজলুল হক,আইএবি,আব্দুর রউফ তালুকদার,
ময়মনসিংহ বিভাগ,139,জামালপুর-২,বিএনপি,এ. ই. সুলতান মাহমুদ বাবু,জামাত,সামিউল হক ফারুকী,,আইএবি,,,জাপা | সুলতান মাহমুদ সিরাজী
ময়মনসিংহ বিভাগ,140,জামালপুর-৩,বিএনপি,মো. মুস্তাফিজুর রহমান বাবুল,জামাত,মুজিবুর রহমান আজাদী,জাপা,মীর সামসুল আলম,আইএবি,মোহা. দৌলতুজ্জামান আনছারী,
ময়মনসিংহ বিভাগ,141,জামালপুর-৪,বিএনপি,মো. ফরিদুল কবির তালুকদার শামীম,জামাত,আব্দুল আওয়াল,,আইএবি,,,জাপা | আলী আকবর সিদ্দিকী
ময়মনসিংহ বিভাগ,142,জামালপুর-৫,বিএনপি,শাহ মো. ওয়ারেস আলী মামুন,জামাত,আব্দুস সাত্তার,,আইএবি,,,জাপা | সৈয়দ ইউনুছ আহমাদ
ময়মনসিংহ বিভাগ,143,শেরপুর-১,বিএনপি,সুনসিলা জাবরীন প্রিয়াংকা,জামাত,রাশেদুল ইসলাম,জাপা,মোঃ মাহমুদুল হক মনি,,,আইএবি
ময়মনসিংহ বিভাগ,144,শেরপুর-২,বিএনপি,মোহাম্মদ ফাহিম চৌধুরী,জামাত,মো. গোলাম কিবরিয়া,,আইএবি,,,জাপা | মাও. আ. আল কায়েস
ময়মনসিংহ বিভাগ,145,শেরপুর-৩,,,,,,,,,নির্বাচন স্থগিত
ময়মনসিংহ বিভাগ,146,ময়মনসিংহ-১,বিএনপি,সৈয়দ ইমরান সালেহ প্রিন্স,বিকেএম,তাজুল ইসলাম,,আইএবি,,,জাপা | অ্যাড. মো. জিল্লুর রহমান
ময়মনসিংহ বিভাগ,147,ময়মনসিংহ-২,বিএনপি,মোতাহার হোসেন তালুকদার,বিকেএম,মোহাম্মদুল্লাহ,জাপা,অধ্যক্ষ মোঃ এমাদদুল খান,আইএবি,গোলাম মাওলা ভূইয়া,
ময়মনসিংহ বিভাগ,148,ময়মনসিংহ-৩,বিএনপি,এম. ইকবাল হোসেন,নেজাম,মোঃ আবু তাহের খান,,আইএবি,,,জাপা | মো. শরিফুল ইসলাম
ময়মনসিংহ বিভাগ,149,ময়মনসিংহ-৪,বিএনপি,মো. আবু ওয়াহাব আকন্দ ওয়াহিদ,জামাত,কামরুল আহসান,জাপা,আবু মোঃ মুসা সরকার,আইএবি,ডা. নাছির উদ্দিন,
ময়মনসিংহ বিভাগ,150,ময়মনসিংহ-৫,বিএনপি,মোহাম্মদ জাকির হোসেন,জামাত,মতিউর রহমান আকন্দ,,আইএবি,,,জাপা | মুফতি সিরাজুল ইসলাম
ময়মনসিংহ বিভাগ,151,ময়মনসিংহ-৬,বিএনপি,মোঃ আখতারুল আলম,জামাত,কামরুল হাসান,,আইএবি,,,জাপা | নূরে আলম সিদ্দিকী
ময়মনসিংহ বিভাগ,152,ময়মনসিংহ-৭,বিএনপি,মো. মাহবুবুর রহমান,জামাত,আসাদুজ্জামান,জাপা,মোঃ জহিরুল ইসলাম,আইএবি,মাওলানা ইব্রাহিম খলিল,
ময়মনসিংহ বিভাগ,153,ময়মনসিংহ-৮,বিএনপি,লুৎফুল্লাহেল মাজেদ বাবু,লিবারেল ডেমোক্রেটিক পার্টি,মোঃ আওরঙ্গজেব বেলাল,জাপা,ফরহজুল ইমাম,আইএবি,শাহ নূরুল কবির,
ময়মনসিংহ বিভাগ,154,ময়মনসিংহ-৯,বিএনপি,ইয়াসির খান চৌধুরী,বিডিপি,আনোয়ারুল ইসলাম চান,জাপা,হাসমত মাহমুদ তারিক,আইএবি,মুফতি সাইদুর রহমান,
ময়মনসিংহ বিভাগ,155,ময়মনসিংহ-১০,বিএনপি,আখতারুজ্জামান বাচ্চু,জামাত,ইসমাইল হোসাইন,জাপা,আল আমিন সোহন,আইএবি,হাবিবুল্লাহ বেলালী,
ময়মনসিংহ বিভাগ,156,ময়মনসিংহ-১১,বিএনপি,ফকির উদ্দিন আহমেদ বাচ্চু,এনসিপি,জাহিদুল ইসলাম,,আইএবি,,,জাপা | মোস্তফা কামাল কাসেমী
ময়মনসিংহ বিভাগ,157,নেত্রকোণা-১,বিএনপি,কায়সার কামাল,বিকেএম,গোলাম রব্বানী,জাপা,মো. আনোয়ারুল হক,আইএবি,মুহাম্মাদ আব্দুল মান্নান,
ময়মনসিংহ বিভাগ,158,নেত্রকোণা-২,বিএনপি,মো. আনোয়ারুল হক,এনসিপি,ফাহিম রহমান খান পাঠান,জাপা,এ.বি.এম রফিকুল হক তালুকদার,আইএবি,মুফতি আব্দুল কাইয়ুম,
ময়মনসিংহ বিভাগ,159,নেত্রকোণা-৩,বিএনপি,রফিকুল ইসলাম হিলানী,জামাত,দেলোয়ার হোসেন সাইফুল,জাপা,মোঃ আবুল হোসেন তালুকদার,আইএবি,মো. জাকির হোসেন সুলতান,
ময়মনসিংহ বিভাগ,160,নেত্রকোণা-৪,বিএনপি,লুৎফুজ্জামান বাবর,জামাত,আল হেলাল তালুকদার,,আইএবি,,,জাপা | মাও মোখলেছুর রহমান
ময়মনসিংহ বিভাগ,161,নেত্রকোণা-৫,বিএনপি,মো. আবু তাহের তালুকদার,জামাত,মাসুম মোস্তফা,,আইএবি,,,জাপা | নুরুল ইসলাম হাকিমী
ঢাকা বিভাগ,130,টাঙ্গাইল-১,বিএনপি,ফকির মাহবুব আনাম স্বপন,জামাত,মমতাজ আলি,জাপা,মোঃ ইলিয়াস হোসেন,আইএবি,ডা. হারুন অর রশীদ,
ঢাকা বিভাগ,131,টাঙ্গাইল-২,বিএনপি,আব্দুস সালাম পিন্টু,জামাত,হুমায়ুন কবির,জাপা,হুমাউন কবির তালুকদার,আইএবি,মনোয়ার হোসেন সাগর,
ঢাকা বিভাগ,132,টাঙ্গাইল-৩,বিএনপি,এস. এম. ওবায়দুল হক নাসির,এনসিপি,সাইফুল্লাহ হায়দার,,আইএবি,,,জাপা | মাওলানা রেজাউল করীম
ঢাকা বিভাগ,133,টাঙ্গাইল-৪,বিএনপি,লুৎফর রহমান খান মতিন,জামাত,খন্দকার আব্দুর রাজ্জাক,জাপা,মোঃ লিয়াকত আলী,আইএবি,আলী আমজাদ হোসেন,
ঢাকা বিভাগ,134,টাঙ্গাইল-৫,বিএনপি,সুলতান সালাউদ্দিন টুকু,জামাত,আহসান হাবিব মাসুদ,জাপা,মোঃ মোজামেদুল হক,আইএবি,খন্দকার জাকির হোসাইন সবুজ,
ঢাকা বিভাগ,135,টাঙ্গাইল-৬,বিএনপি,মো. রবিউল আউয়াল লাবলু,জামাত,আব্দুল হামিদ,জাপা,মোহাম্মদ মামুনর রহিম,আইএবি,মুহা. আখিনুর মিয়া,
ঢাকা বিভাগ,136,টাঙ্গাইল-৭,বিএনপি,আবুল কালাম আজাদ সিদ্দিকী,জামাত,আব্দুল্লাহ তালুকদার,,আইএবি,,,জাপা | এ. টি. এম রেজাউল করীম আল রাজী
ঢাকা বিভাগ,137,টাঙ্গাইল-৮,বিএনপি,আহমদ আজম খান,জামাত,শফিকুল ইসলাম খান,জাপা,ইঞ্জিঃ মোঃ নাজমুল হাসান,,,আইএবি
ঢাকা বিভাগ,162,কিশোরগঞ্জ-১,বিএনপি,মো. মাজহারুল ইসলাম,বিকেএম,হেদায়েতুল্লাহ হাদী,,আইএবি,,,জাপা
ঢাকা বিভাগ,163,কিশোরগঞ্জ-২,বিএনপি,মো. জালাল উদ্দীন,জামাত,শরিফুল ইসলাম মোড়ল,জাপা,মোঃ আফজাল হোসেন ভূইয়া,আইএবি,আবুল বাশার রেজওয়ান,
ঢাকা বিভাগ,164,কিশোরগঞ্জ-৩,বিএনপি,ওসমান ফারুক,জামাত,জেহাদ খান,জাপা,মোঃ আবু বক্তার সিদ্দিক,আইএবি,মো. আলমগীর হোসাইন,
ঢাকা বিভাগ,165,কিশোরগঞ্জ-৪,বিএনপি,ফজলুর রহমান,জামাত,রোকন রেজা,,আইএবি,,,জাপা | বিল্লাল আহমদ মজুমদার
ঢাকা বিভাগ,166,কিশোরগঞ্জ-৫,বিএনপি,শেখ মজিবর রহমান ইকবাল,জামাত,রমজান আলী,জাপা,এড. মোঃ মহাবুবুল আলম,আইএবি,মো. দেলাওয়ার হোসাইন,
ঢাকা বিভাগ,167,কিশোরগঞ্জ-৬,বিএনপি,মোঃ শরীফুল আলম,বিকেএম,আতাউল্লাহ আমীন,জাপা,মোহাম্মদ আহ্বান হোসেন,আইএবি,মুহা. মুসা খান,
ঢাকা বিভাগ,168,মানিকগঞ্জ-১,বিএনপি,এস এ জিন্নাহ কবির,জামাত,আবুবকর সিদ্দিক,,আইএবি,,,জাপা | মো. আল আমিন
ঢাকা বিভাগ,169,মানিকগঞ্জ-২,বিএনপি,মঈনুল ইসলাম খান,কেএম,শেখ সালাহউদ্দীন,জাপা,এস.এম.আব্দুল মায়াদ,আইএবি,মোহাম্মদ আলী,
ঢাকা বিভাগ,170,মানিকগঞ্জ-৩,বিএনপি,আফরোজা খানম রিতা,বিকেএম,সাঈদ নূর,জাপা,আবুল বাশার বাদশা,আইএবি,মাওলানা সামসুদ্দীন,
ঢাকা বিভাগ,171,মুন্সীগঞ্জ-১,বিএনপি,শেখ মো. আব্দুল্লাহ,জামাত,কেএম ফখরুদ্দীন রাজী,,আইএবি,,,জাপা | কে এম আতিকুর রহমান
ঢাকা বিভাগ,172,মুন্সীগঞ্জ-২,বিএনপি,আব্দুস সালাম আজাদ,এনসিপি,মাজেদুল ইসলাম,জাপা,মোঃ নোমান মিয়া,আইএবি,কে এম বিল্লাল হোসেন,
ঢাকা বিভাগ,173,মুন্সীগঞ্জ-৩,বিএনপি,মো. কামরুজ্জামান রতন,বিকেএম,নূর হুসাইন নূরানী,জাপা,মোঃ আরিফুজ্জামান (দিদার),আইএবি,মাহমুদুর হাসান সুমন দেওয়ান,
ঢাকা বিভাগ,174,ঢাকা-১,বিএনপি,খন্দকার আবু আশফাক,জামাত,মোহাম্মদ নজরুল ইসলাম,জাপা,মোঃ নাছির উদ্দিন মোল্টা,,,আইএবি
ঢাকা বিভাগ,175,ঢাকা-২,বিএনপি,আমানউল্লাহ আমান,জামাত,আবদুল হক,,আইএবি,,,জাপা | মুফতি জহিরুল ইসলাম
ঢাকা বিভাগ,176,ঢাকা-৩,বিএনপি,গয়েশ্বর চন্দ্র রায়,জামাত,মো শাহিনুর ইসলাম,জাপা,মোঃ ফারুক,আইএবি,সুলতান আহমদ খাঁন,
ঢাকা বিভাগ,177,ঢাকা-৪,বিএনপি,তানভীর আহমেদ রবিন,জামাত,সৈয়দ জয়নুল আবেদীন,,আইএবি,,,জাপা | সৈয়দ মোসাদ্দেক বিল্লাহ আন মাদানী
ঢাকা বিভাগ,178,ঢাকা-৫,বিএনপি,নবী উল্লাহ নবী,জামাত,মো কামাল হোসেন,জাপা,মীর আব্দুস সবুর আসুদ,আইএবি,মো. ইবরাহীম খলিল,
ঢাকা বিভাগ,179,ঢাকা-৬,বিএনপি,ইশরাক হোসেন,জামাত,মো আব্দুল মান্নান,জাপা,আমির উদ্দিন আহমেদ ডালু,আইএবি,মো. আল আমিন,
ঢাকা বিভাগ,180,ঢাকা-৭,বিএনপি,হামিদুর রহমান,জামাত,হাফেজ এনায়েতুল্লাহ,জাপা,হাজী সাইফুদ্দিন আহমেদ মিলন,আইএবি,আব্দুর রহমান,
ঢাকা বিভাগ,181,ঢাকা-৮,বিএনপি,মির্জা আব্বাস,এনসিপি,নাসীরুদ্দীন পাটওয়ারী,জাপা,মোঃ জুবায়ের আলম খান রবিন,আইএবি,মুফতি কেফায়েতুল্লাহ কাশফী,
ঢাকা বিভাগ,182,ঢাকা-৯,বিএনপি,হাবিবুর রশিদ,এনসিপি,জাবেদ রাসিন,জাপা,কাজী আবুল খায়ের,আইএবি,শাহ ইফতেখার আহসান তারিক,
ঢাকা বিভাগ,183,ঢাকা-১০,বিএনপি,শেখ রবিউল আলম,জামাত,জসিম উদ্দিন সরকার,জাপা,রফিক রেজাবী,আইএবি,আব্দুল আউয়াল মজুমদার,
ঢাকা বিভাগ,185,ঢাকা-১১,বিএনপি,ড. এম এ কায়ুম,এনসিপি,নাহিদ ইসলাম,জাপা,শামীম আহমেদ রিজভী,আইএবি,শেখ ফজলে বারী মাসউদ,
ঢাকা বিভাগ,185,ঢাকা-১২,বিপ্লবী ওয়ার্কার্স পার্টি,সাইফুল হক,জামাত,মো সাইফুল আলম,জাপা,মোহাম্মদ সালাউদ্দিন,আইএবি,মাহমুদুল হাসান মোমতাজী,
ঢাকা বিভাগ,186,ঢাকা-১৩,বিএনপি,ববি হাজ্জাজ,বিকেএম,মামুনুল হক,,আইএবি,,,জাপা
ঢাকা বিভাগ,187,ঢাকা-১৪,বিএনপি,সানজিদা ইসলাম তুলি,জামাত,মীর আহমদ বিন কাসেম,জাপা,মোঃ হেলাল উদ্দিন,আইএবি,আবু ইউসুফ,
ঢাকা বিভাগ,188,ঢাকা-১৫,বিএনপি,সফিকুল ইসলাম মিল্টন,জামাত,ডাঃ শফিকুর রহমান,জাপা,মোঃ শামসুল হক,,,আইএবি
ঢাকা বিভাগ,189,ঢাকা-১৬,বিএনপি,আমিনুল হক,জামাত,মো আব্দুল বাতেন,জাপা,সুলতান আহমেদ সেলিম,আইএবি,মো. সাইফুল ইসলাম,
ঢাকা বিভাগ,190,ঢাকা-১৭,বিএনপি,তারেক রহমান,জামাত,এস এম খালিদুজ্জামান,জাপা,আতিক আহমেদ,আইএবি,মোহাম্মদ উল্লাহ আনসারী,
ঢাকা বিভাগ,191,ঢাকা-১৮,বিএনপি,এস এম জাহাঙ্গীর হোসেন,এনসিপি,আরিফুল ইসলাম,জাপা,মোঃ জাকির হোসেন,আইএবি,আনোয়ার হোসেন,
ঢাকা বিভাগ,192,ঢাকা-১৯,বিএনপি,দেওয়ান মো. সালাউদ্দিন,এনসিপি,দিলশানা পারুল,জাপা,মোঃ বাহাদুর ইসলাম,আইএবি,মুহাম্মদ ফারুক খান,
ঢাকা বিভাগ,193,ঢাকা-২০,বিএনপি,তমিজ উদ্দিন,এনসিপি,নাবিলা তাসনিদ,জাপা,আহসান খান,,,আইএবি
ঢাকা বিভাগ,194,গাজীপুর-১,বিএনপি,মো. মজিবুর রহমান,জামাত,শাহ আলম বকশী,জাপা,এস. এম শফিকুল ইসলাম (বাবুল),আইএবি,জি. এম. রুহুল আমীন,
ঢাকা বিভাগ,195,গাজীপুর-২,বিএনপি,এম মঞ্জুরুল করিম রনি,এনসিপি,আলী নাছের খান,জাপা,মাহবুব আলম মামুন,আইএবি,এম. এ. হানিফ সরকার,
ঢাকা বিভাগ,196,গাজীপুর-৩,বিএনপি,রফিকুল ইসলাম বাচ্চু,বিকেএম,এহসানুল হক,জাপা,মোঃ নাজিম উদ্দিন,আইএবি,মাও আলমগীর হোসাইন,
ঢাকা বিভাগ,197,গাজীপুর-৪,বিএনপি,শাহ রিয়াজুল হান্নান,জামাত,সালাহ উদ্দিন আইউবী,জাপা,এনামুল কবির,আইএবি,মাওলানা কাজিম উদ্দিন,
ঢাকা বিভাগ,198,গাজীপুর-৫,বিএনপি,ফজলুল হক মিলন,জামাত,খায়রুল হাসান,জাপা,ডাঃ মোঃ শফিউদ্দিন সরকার,আইএবি,গাজী আতাউর রহমান,
ঢাকা বিভাগ,199,নরসিংদী-১,বিএনপি,খায়রুল কবির খোকন,জামাত,মো ইব্রাহিম ভূইয়া,জাপা,এডভোকেট মোস্তফা জামাল বেবী,আইএবি,আশরাফ হোসেন ভূঁইয়া,
ঢাকা বিভাগ,200,নরসিংদী-২,বিএনপি,আব্দুল মঈন খান,এনসিপি,সারোয়ার তুষার,জাপা,এএনএম রফিকুল আলম সেলিম,,,আইএবি
ঢাকা বিভাগ,201,নরসিংদী-৩,বিএনপি,মঞ্জুর এলাহী,বিকেএম,রাকিবুল ইসলাম,জাপা,এডভোকেট রেজাউল করিম বাচ্চু,আইএবি,ওয়ায়েজ হোসেন ভূঁইয়া,
ঢাকা বিভাগ,202,নরসিংদী-৪,বিএনপি,সরদার শাখাওয়াত হোসেন বকুল,জামাত,মো জাহাঙ্গীর আলম,জাপা,মোঃ কামাল উদ্দিন,আইএবি,ছাইফুল্লাহ,
ঢাকা বিভাগ,203,নরসিংদী-৫,বিএনপি,মো. আশরাফ উদ্দিন বকুল,বিকেএম,তাজুল ইসলাম,জাপা,মোহাম্মদ লতিফ খান হেনা,আইএবি,বদরুজ্জামান উজ্জল,
ঢাকা বিভাগ,204,নারায়ণগঞ্জ-১,বিএনপি,মোস্তাফিজুর রহমান দিপু ভূঁইয়া,জামাত,আনোয়ার হোসেন মোল্লা,,আইএবি,,,জাপা | মো. ইমদাদুল্লাহ হাশেমী
ঢাকা বিভাগ,205,নারায়ণগঞ্জ-২,বিএনপি,নজরুল ইসলাম আজাদ,জামাত,ইলিয়াস মোল্লা,,আইএবি,,,জাপা | মুফতি হাবিবুল্লাহ
ঢাকা বিভাগ,206,নারায়ণগঞ্জ-৩,বিএনপি,আজহরুল ইসলাম মান্নান,বিকেএম,শাহজাহান শিবলী,,আইএবি,,,জাপা | গোলাম মসিহ
ঢাকা বিভাগ,207,নারায়ণগঞ্জ-৪,জমিয়ত,মনির হোসেন কাসেমী,এনসিপি,আব্দুল্লাহ আল আমিন,জাপা,মোঃ সালাউদ্দিন খোকা,আইএবি,মাওলানা ইসমাইল সিরাজী,
ঢাকা বিভাগ,208,নারায়ণগঞ্জ-৫,বিএনপি,মাসুদুজ্জামান মাসুদ,কেএম,এবিএম সিরাজুল মামুন,,আইএবি,,,জাপা | মাওলানা মাসুম বিল্লাহ
ঢাকা বিভাগ,209,রাজবাড়ী-১,বিএনপি,আলী নেওয়াজ মাহমুদ খৈয়াম,জামাত,নূরুল ইসলাম,জাপা,খোন্দকার হাবিবুর রহমান,,,আইএবি
ঢাকা বিভাগ,210,রাজবাড়ী-২,বিএনপি,মো. হারুন অর রশীদ,এনসিপি,জামিল হিজাযী,জাপা,এড. মোঃ শফিউল আজম খান,আইএবি,মাওলানা আব্দুল মালেক,
ঢাকা বিভাগ,211,ফরিদপুর-১,বিএনপি,খন্দকার নাসির উল ইসলাম,জামাত,ইলিয়াস মোল্লা,জাপা,এ্যাড. সুলতান আহমেদ খান,,,আইএবি
ঢাকা বিভাগ,212,ফরিদপুর-২,বিএনপি,শামা ওবায়েদ ইসলাম রিংকু,বিকেএম,আকরাম আলী,,আইএবি,,,জাপা | শাহ মুহা. জামাল উদ্দিন
ঢাকা বিভাগ,213,ফরিদপুর-৩,বিএনপি,চৌধুরী নায়াব ইউসুফ,জামাত,মো আবদুত তাওয়াব,জাপা,রায়হান জামিল,আইএবি,খান মো. সরওয়ার,
ঢাকা বিভাগ,214,ফরিদপুর-৪,বিএনপি,শহিদুল ইসলাম বাবুল,জামাত,মোঃ সরোয়ার হোসাইন,,আইএবি,,,জাপা | মো. ইসহাক চোকদার
ঢাকা বিভাগ,215,গোপালগঞ্জ-১,বিএনপি,সেলিমুজ্জামান মোল্লা,জামাত,আবদুল হামিদ,জাপা,সুলতান জামান খান,আইএবি,অ্যাড. মিজানুর রহমান,
ঢাকা বিভাগ,216,গোপালগঞ্জ-২,বিএনপি,এ কে এম বাবর আলী,বিকেএম,শোয়াইব ইবরাহীম,,আইএবি,,,জাপা | মাওলানা তাসলিম হোসেন
ঢাকা বিভাগ,217,গোপালগঞ্জ-৩,বিএনপি,এস এম জিলানী,বিকেএম,আব্দুল আজিজ মক্কি,,আইএবি,,,জাপা | মুহাম্মদ মারুফ শেখ
ঢাকা বিভাগ,218,মাদারীপুর-১,বিএনপি,নাদিয়া আক্তার,বিকেএম,সাঈদ উদ্দিন আহমদ হানজালা,জাপা,মোঃ জহিরুল ইসলাম (মিন্টু),আইএবি,মাওলানা আকরাম হোসাইন,
ঢাকা বিভাগ,219,মাদারীপুর-২,বিএনপি,জাহান্দার আলী খান,বিকেএম,আবদুস সুবহান,জাপা,মহিদ হাওলাদার,আইএবি,আলী আহমদ চৌধুরী,
ঢাকা বিভাগ,220,মাদারীপুর-৩,বিএনপি,আনিসুর রহমান তালুকদার খোকন,জামাত,রফিকুল ইসলাম,,আইএবি,,,জাপা | এস এম আজিজুল হক
ঢাকা বিভাগ,221,শরীয়তপুর-১,বিএনপি,সাঈদ আহমেদ আসলাম,বিকেএম,জালালুদ্দীন আহমদ,,আইএবি,,,জাপা | তোফায়েল আহমদ কাসেমী
ঢাকা বিভাগ,222,শরীয়তপুর-২,বিএনপি,সফিকুর রহমান কিরণ,জামাত,মাহমুদ হোসেন,জাপা,জসিম উদ্দীন,আইএবি,মুফতি ইমরান হোসেন,
ঢাকা বিভাগ,223,শরীয়তপুর-৩,বিএনপি,মিয়া নুরুদ্দিন আহম্মেদ অপু,জামাত,মোহাম্মদ আজাহারুল ইসলাম,জাপা,মোঃ আব্দুল হান্নান,আইএবি,অ্যাড. হানিফ মিয়া,
সিলেট বিভাগ,224,সুনামগঞ্জ-১,বিএনপি,আনিসুল হক,জামাত,তোফায়েল আহমেদ খান,,আইএবি,,,জাপা
সিলেট বিভাগ,225,সুনামগঞ্জ-২,বিএনপি,নাসির হোসেন চোধুরী,জামাত,এডভোকেট শিশির মনির,,আইএবি,,,জাপা
সিলেট বিভাগ,226,সুনামগঞ্জ-৩,বিএনপি,কয়ছর আহমেদ,বিকেএম,শাহীনুর পাশা চৌধুরী,জাপা,এড. মোঃ নাজমুল হদা হিমেল,,,আইএবি
সিলেট বিভাগ,227,সুনামগঞ্জ-৪,বিএনপি,নুরুল ইসলাম,জামাত,এডভোকেট শামস উদ্দিন,জাপা,মোঃ জাহাঙ্গীর আলম,আইএবি,শহিদুল ইসলাম পলাশী,
সিলেট বিভাগ,228,সুনামগঞ্জ-৫,বিএনপি,কলিম উদ্দিন আহমেদ মিলন,কেএম,আবদুল কাদির,জাপা,নির্ধারিত হবে,,,আইএবি
সিলেট বিভাগ,229,সিলেট-১,বিএনপি,খন্দকার আব্দুল মুক্তাদির,জামাত,হাবিবুর রহমান,,আইএবি,,,জাপা | মাও. মাহমুদুল হাসান
সিলেট বিভাগ,230,সিলেট-২,বিএনপি,তাহসিনা রুশদীর লুনা,কেএম,মুনতাসীর আলী,জাপা,মাহাবুবুর রহমান,আইএবি,মাওলানা আমির উদ্দিন,
সিলেট বিভাগ,231,সিলেট-৩,বিএনপি,এম এ মালিক,বিকেএম,মুসলেহ উদ্দিন রাজু,জাপা,আলহাজ্জ মোহাম্মদ আতিকুর রহমান আতিক,আইএবি,রেজওয়ানুল হক চৌধুরী,
সিলেট বিভাগ,232,সিলেট-৪,বিএনপি,আরিফুল হক চৌধুরী,জামাত,জয়নাল আবেদীন,জাপা,মোহাম্মদ মুজিবুর রহমান ডালিম,আইএবি,মুফতি সাঈদ আহমদ,
সিলেট বিভাগ,233,সিলেট-৫,জমিয়ত,মোহাম্মদ উবায়দুল্লাহ ফারুক,কেএম,আবুল হাসান,,আইএবি,,,জাপা
সিলেট বিভাগ,234,সিলেট-৬,বিএনপি,এমরান আহমদ চৌধুরী,জামাত,মুহাম্মদ সেলিম উদ্দিন,জাপা,মোঃ আব্দুল নূর,,,আইএবি
সিলেট বিভাগ,235,মৌলভীবাজার-১,বিএনপি,নাসির উদ্দিন আহমেদ মিঠু,জামাত,আমিনুল ইসলাম,জাপা,আহমেদ রিয়া জেনী,আইএবি,মাওলানা আব্দুল কুদ্দুস,
সিলেট বিভাগ,236,মৌলভীবাজার-২,বিএনপি,শওকতুল ইসলাম শকু,জামাত,সাহেদ আলী,জাপা,মোঃ আব্দুল মালিক,,,আইএবি
সিলেট বিভাগ,237,মৌলভীবাজার-৩,বিএনপি,এম নাসের রহমান,জামাত,মো. আব্দুল মান্নান,,আইএবি,,,জাপা
সিলেট বিভাগ,238,মৌলভীবাজার-৪,বিএনপি,মুজিবুর রহমান চৌধুরী,এনসিপি,প্রীতম দাশ,জাপা,মোঃ জরিফ হোসেন,,,আইএবি
সিলেট বিভাগ,239,হবিগঞ্জ-১,বিএনপি,রেজা কিবরিয়া,বিকেএম,সিরাজুল ইসলাম মিরপুরী,,আইএবি,,,জাপা
সিলেট বিভাগ,240,হবিগঞ্জ-২,বিএনপি,আবু মনসুর সাখাওয়াত হাসান জীবন,কেএম,আবদুল বাছিত আজাদ,জাপা,আব্দুল মুকাদির চৌধুরী,,,আইএবি
সিলেট বিভাগ,241,হবিগঞ্জ-৩,বিএনপি,জি কে গউছ,জামাত,কাজী মহসিন আহমেদ,জাপা,আব্দুল মুমিন চৌধুরী বুলবুল,আইএবি,মহিব উদ্দিন আহমদ সোহেল,
সিলেট বিভাগ,242,হবিগঞ্জ-৪,বিএনপি,সৈয়দ ফয়সল,কেএম,আহমদ আবদুল কাদের,,আইএবি,,,জাপা
সিলেট বিভাগ,243,ব্রাহ্মণবাড়িয়া-১,বিএনপি,এম এ হান্নান,জামাত,কে এম আমিনুল ইসলাম,জাপা,মোঃ শাহ আলম,আইএবি,হোসাইন আহমদ আজাদী,
সিলেট বিভাগ,244,ব্রাহ্মণবাড়িয়া-২,জমিয়ত,জুনায়েদ আল হাবিব,এনসিপি,আশরাফ মাহদী,জাপা,এড. জিয়াউল হক মৃধা,আইএবি,নেছার আহমদ নাছিরী,
সিলেট বিভাগ,245,ব্রাহ্মণবাড়িয়া-৩,বিএনপি,খালেদ হোসেন মাহবুব শ্যামল,এনসিপি,মোহাম্মদ আতাউল্লাহ,জাপা,এড. মোঃ রেজাউল ইসলাম ভূঞা,আইএবি,মাওলানা নিয়াজুল করীম,
সিলেট বিভাগ,246,ব্রাহ্মণবাড়িয়া-৪,বিএনপি,কবীর আহমেদ ভূঁইয়া,জামাত,মো আতাউর রহমান সরকার,জাপা,মোঃ জহিরুল হক খাঁন,আইএবি,মুফতি জসিম উদ্দিন,
সিলেট বিভাগ,247,ব্রাহ্মণবাড়িয়া-৫,বিএনপি,আব্দুল মান্নান,বিকেএম,আমজাদ হুসাইন আশরাফী,জাপা,কামরুল ইসলাম,আইএবি,নজরুল ইসলাম,
সিলেট বিভাগ,248,ব্রাহ্মণবাড়িয়া-৬,গণসংহতি,জোনায়েদ সাকি,জামাত,মো মহসীন,,আইএবি,,,জাপা | সাইদ উদ্দিন খাঁন জাবেদ
সিলেট বিভাগ,249,কুমিল্লা-১,বিএনপি,খন্দকার মোশাররফ হোসেন,জামাত,মনিরুজ্জামান বাহলুল,জাপা,সৈয়দ মোঃ ইফতেকার আহসান,আইএবি,মাওলানা বশির আহমেদ,
সিলেট বিভাগ,250,কুমিল্লা-২,বিএনপি,মো. সেলিম ভূঁইয়া,জামাত,নাজিম উদ্দিন মোল্লা,জাপা,মোঃ আমির হোসেন,আইএবি,মুহা. আশরাফুল আলম,
সিলেট বিভাগ,251,কুমিল্লা-৩,বিএনপি,কাজী শাহ মোফাজ্জল হোসেন কায়কোবাদ,জামাত,ইউসুফ হাকিম সোহেল,,আইএবি,,,জাপা | আহমদ আবদুল কাইয়ুম
সিলেট বিভাগ,252,কুমিল্লা-৪,গণঅধিকার,মো. আ. জসিম উদ্দিন,এনসিপি,হাসনাত আবদুল্লাহ,,আইএবি,,,জাপা | আব্দুল করীম
সিলেট বিভাগ,253,কুমিল্লা-৫,বিএনপি,মো. জসিম উদ্দিন,জামাত,মোবারক হোসেন,জাপা,মোঃ এমরানুল হক,আইএবি,রাশেদুল ইসলাম রহমতপুরী,
সিলেট বিভাগ,254,কুমিল্লা-৬,বিএনপি,মনিরুল হক চৌধুরী,জামাত,কাজী দ্বীন মোহাম্মদ,,আইএবি,,,জাপা | অ্যাড. হারুন অর রশিদ
সিলেট বিভাগ,255,কুমিল্লা-৭,বিএনপি,রেদোয়ান আহমেদ,কেএম,সোলাইমান খান,,আইএবি,,,জাপা | এহতেশামুল হক কাসেমী
সিলেট বিভাগ,256,কুমিল্লা-৮,বিএনপি,জাকারিয়া তাহের সুমন,জামাত,সফিকুল আলম হেলাল,জাপা,ডা. মোঃ ইরফান বিন তোরাব আলী,আইএবি,গোলাম ছাদেক প্রকাশ,
সিলেট বিভাগ,257,কুমিল্লা-৯,বিএনপি,মো. আবুল কালাম,জামাত,সারোয়ার সিদ্দিকী,জাপা,প্রফেসর গোলাম মোস্তফা,আইএবি,সেলিম মাহমুদ,
সিলেট বিভাগ,258,কুমিল্লা-১০,বিএনপি,আব্দুল গফুর ভূইয়া,জামাত,ইয়াসির আরাফাত,,আইএবি,,,জাপা | মুফতি শামসুদ্দোহা আশরাফী
সিলেট বিভাগ,259,কুমিল্লা-১১,বিএনপি,মো. কামরুল হুদা,জামাত,আব্দুল্লাহ মোহাম্মদ তাহের,জাপা,মোঃ মইন উদ্দিন,আইএবি,মহিউদ্দিন শহীদ পাটওয়ারী,
সিলেট বিভাগ,260,চাঁদপুর-১,বিএনপি,আ ন ম এহসানুল হক মিলন,জামাত,আবু নছর আসরাফী,জাপা,হাবিব খান,,,আইএবি
সিলেট বিভাগ,261,চাঁদপুর-২,বিএনপি,মো. জালাল উদ্দিন,এলডিপি,বিল্লাল হোসেন মিয়াজী,জাপা,মোঃ এমরান হোসেন মিয়া,আইএবি,মানসুর আহমদ সাকী,
সিলেট বিভাগ,262,চাঁদপুর-৩,বিএনপি,এসকে ফরিদ আহমেদ মানিক,জামাত,মো শাহজাহান মিয়া,,আইএবি,,,জাপা | জয়নাল আবেদীন শেখ
সিলেট বিভাগ,263,চাঁদপুর-৪,বিএনপি,হারুনুর রশীদ,জামাত,বিল্লাল হোসেন মিয়াজী,জাপা,মাহমুদ আলম,আইএবি,মো. মকবুল হোসাইন,
সিলেট বিভাগ,264,চাঁদপুর-৫,বিএনপি,মো. মামুনুল হক,এলডিপি,মোঃ নেয়ামুল বশির,জাপা,মির্জা গিয়াস উদ্দিন,আইএবি,মোহা. আলী পাটোয়ারী,
সিলেট বিভাগ,265,ফেনী-১,বিএনপি,রফিকুল আলম মঞ্জু,জামাত,এসএম কামাল উদ্দিন,জাপা,মোতাহের হোসেন চৌধুরী,আইএবি,মাওলানা গোলাম কিবরিয়া,
সিলেট বিভাগ,266,ফেনী-২,বিএনপি,জয়নাল আবেদীন,এবি পার্টি,মজিবুর রহমান ভূঁইয়া মঞ্জু,,আইএবি,,,জাপা | একরামুল হক ভুইয়া
সিলেট বিভাগ,267,ফেনী-৩,বিএনপি,আবদুল আউয়াল মিন্টু,জামাত,মোহাম্মদ ফখরুদ্দিন,জাপা,মোঃ আবু সুফিয়ান,আইএবি,মো. সাইফ উদ্দিন শিপন,
সিলেট বিভাগ,268,নোয়াখালী-১,বিএনপি,মাহবুব উদ্দিন খোকন,জামাত,মোহাম্মদ ছাইফ উল্লাহ,জাপা,মোঃ নুরুল আমিন,,,আইএবি
সিলেট বিভাগ,269,নোয়াখালী-২,বিএনপি,জয়নুল আবদিন ফারুক,এনসিপি,সুলতান মুহাম্মদ জাকারিয়া,জাপা,মোঃ শাহাদৎ হোসেন,আইএবি,মাওলানা খলিলুর রহমান,
সিলেট বিভাগ,270,নোয়াখালী-৩,বিএনপি,বরকত উল্লাহ বুলু,জামাত,মাওলানা বোরহান উদ্দিন,,আইএবি,,,জাপা | নুরুদ্দিন আমানতপুরী
সিলেট বিভাগ,271,নোয়াখালী-৪,বিএনপি,মো. শাহজাহান,জামাত,মো ইসহাক খন্দকার,জাপা,মোঃ শরিমুল ইসলাম,আইএবি,ফিরোজ আলম মাসুদ,
সিলেট বিভাগ,272,নোয়াখালী-৫,বিএনপি,মুহাম্মদ ফখরুল ইসলাম,জামাত,মোহাম্মদ বেলায়েত হোসেন,জাপা,খাজা তানভীর আহমেদ,আইএবি,মাওলানা আবু নাছের,
সিলেট বিভাগ,273,নোয়াখালী-৬,বিএনপি,মাহবুবুর রহমান সামীম,এনসিপি,আব্দুল হান্নান মাসউদ,জাপা,এ.টি.এম নবীউন্নাহ,আইএবি,নুরুল ইসলাম শরিফ,
সিলেট বিভাগ,274,লক্ষ্মীপুর-১,বিএনপি,শাহাদাত হোসেন সেলিম,এনসিপি,মাহবুব আলম,জাপা,মোহাম্মদ মাহমুদুর রহমান মাহমুদ,আইএবি,জাকির হোসেন পাটওয়ারী,
সিলেট বিভাগ,275,লক্ষ্মীপুর-২,বিএনপি,আবুল খায়ের ভূঁইয়া,জামাত,রুহুল আমিন ভূইয়া,,আইএবি,,,জাপা | মাওলানা হেলাল উদ্দিন
সিলেট বিভাগ,276,লক্ষ্মীপুর-৩,বিএনপি,শহীদ উদ্দীন চৌধুরী এ্যানি,জামাত,রেজাউল করিম,জাপা,এ.কে.এম মহিউদ্দীন,আইএবি,ক্যাপ্টেন অব. মুহা. ইব্রাহীম,
সিলেট বিভাগ,277,লক্ষ্মীপুর-৪,বিএনপি,এ বি এম আশরাফ উদ্দিন নিজাম,জামাত,হাফিজ উল্যাহ,,আইএবি,,,জাপা | খালেদ সাইফুল্লাহ
সিলেট বিভাগ,278,চট্টগ্রাম-১,বিএনপি,নুরুল আমিন,জামাত,সাইফুর রহমান,জাপা,সৈয়দ শাহাদৎ হোসেন,আইএবি,ফেরদৌস আহমদ চৌধুরী,
সিলেট বিভাগ,279,চট্টগ্রাম-২,বিএনপি,সারওয়ার আলমগীর,জামাত,নুরুল আমিন,,আইএবি,,,জাপা | জুলফিকার আলী মান্নান
সিলেট বিভাগ,280,চট্টগ্রাম-৩,বিএনপি,মোস্তফা কামাল পাশা,জামাত,আলাউদ্দিন সিকদার,,আইএবি,,,জাপা | আমজাদ হোসেন
সিলেট বিভাগ,281,চট্টগ্রাম-৪,বিএনপি,কাজী সালাহউদ্দিন,জামাত,আনোয়ার ছিদ্দিক চৌধুরী,,আইএবি,,,জাপা | মো. দিদারুল মাওলা
সিলেট বিভাগ,282,চট্টগ্রাম-৫,বিএনপি,মীর মোহাম্মদ হেলাল উদ্দিন,বিকেএম,নাসিরউদ্দিন মুনির,,আইএবি,,,জাপা | মুফতি মতিউল্লাহ নূরী
সিলেট বিভাগ,283,চট্টগ্রাম-৬,বিএনপি,গিয়াস উদ্দিন কাদের চৌধুরী,জামাত,শাহজাহান মঞ্জু,,আইএবি,,,জাপা
সিলেট বিভাগ,284,চট্টগ্রাম-৭,বিএনপি,হুমাম কাদের চৌধুরী,জামাত,রেজাউল করিম,জাপা,মোঃ মেহেদী রাসেদ,আইএবি,অ্যাড. আব্দুল্লাহ আল হারুন,
সিলেট বিভাগ,285,চট্টগ্রাম-৮,বিএনপি,এরশাদ উল্লাহ,এনসিপি,জোবাইরুল হাসান আরিফ,,আইএবি,,,জাপা | মুহাম্মদ নুরুল আলম
সিলেট বিভাগ,286,চট্টগ্রাম-৯,বিএনপি,মোহাম্মদ আবু সুফিয়ান,জামাত,ফজলুল হক,,আইএবি,,,জাপা | অ্যাড. আব্দুস শুক্কর
সিলেট বিভাগ,287,চট্টগ্রাম-১০,বিএনপি,সাঈদ আল নোমান,জামাত,শামসুজ্জামান হেলালী,জাপা,মোহাম্মদ ইমদাদ হোসেন চৌধুরী,আইএবি,জান্নাতুল ইসলাম,
সিলেট বিভাগ,288,চট্টগ্রাম-১১,বিএনপি,আমীর খসরু মাহমুদ চৌধুরী,জামাত,শফিউল আলম,জাপা,মোঃ আবু তাহের,আইএবি,মুহাম্মদ নুর উদ্দিন,
সিলেট বিভাগ,289,চট্টগ্রাম-১২,বিএনপি,মোহাম্মদ এনামুল হক,জামাত,মো ফরিদুল আলম,জাপা,ফরিদ আহম্মদ চৌধুরী,আইএবি,এস. এম. বেলাল নুর আজিজী,
সিলেট বিভাগ,290,চট্টগ্রাম-১৩,বিএনপি,সারওয়ার জামাল নিজাম,জামাত,মাহমুদুল হাসান,জাপা,আব্দুর রব চৌধুরী,,,আইএবি
সিলেট বিভাগ,291,চট্টগ্রাম-১৪,বিএনপি,জসিম উদ্দিন আহমদ,এলডিপি,ওমর ফারুক,জাপা,মোহাম্মদ বাদশা মিয়া,আইএবি,মোহাম্মদ আব্দুল হামিদ,
সিলেট বিভাগ,292,চট্টগ্রাম-১৫,বিএনপি,নাজমুল মোস্তফা আমিন,জামাত,শাহজাহান চৌধুরী,,আইএবি,,,জাপা | শরীফুল আলম চৌধুরী
সিলেট বিভাগ,293,চট্টগ্রাম-১৬,বিএনপি,মিসকাতুল ইসলাম চৌধুরী পাপ্পা,জামাত,জহিরুল ইসলাম,,আইএবি,,,জাপা | হাফেজ রুহুল্লাহ
সিলেট বিভাগ,294,কক্সবাজার-১,বিএনপি,সালাহউদ্দিন আহমেদ,জামাত,আবদুল্লাহ আল ফারুক,,আইএবি,,,জাপা | ছরওয়ার আলম কুতুবী
সিলেট বিভাগ,295,কক্সবাজার-২,বিএনপি,আলমগীর মাহফুজ উল্লাহ ফরিদ,জামাত,হামিদুর রহমান আযাদ,জাপা,মোঃ মাহমুদুল করিম,আইএবি,মাওলানা জিয়াউল হক,
সিলেট বিভাগ,296,কক্সবাজার-৩,বিএনপি,লুৎফুর রহমান কাজল,জামাত,শহিদুল আলম বাহাদুর,,আইএবি,,,জাপা | আমিরুল ইসলাম মীর
সিলেট বিভাগ,297,কক্সবাজার-৪,বিএনপি,শাহজাহান চৌধুরী,জামাত,নুর আহমদ আনোয়ারী,,আইএবি,,,জাপা | হাফেজ নুরুল হক
সিলেট বিভাগ,298,খাগড়াছড়ি,বিএনপি,ওয়াদুদ ভূঁইয়া,জামাত,ইয়াকুব আলী চৌধুরী,জাপা,মিথিলা রোয়াজা,আইএবি,মাওলানা কাউসার আজিজী,
সিলেট বিভাগ,299,রাঙ্গামাটি,বিএনপি,দীপেন দেবন,বিকেএম,আবু বকর সিদ্দিক,জাপা,অশোক তালুকদার,আইএবি,জসীম উদ্দিন,
সিলেট বিভাগ,300,বান্দরবান,বিএনপি,সাচিং প্রু জেরী,এনসিপি,এস এম সুজা উদ্দিন,জাপা,আবু জাফর মোহাম্মদ ওয়ালীউন্নাহ,আইএবি,আবুল কালাম আজাদ,
