division,constituency_no,seat,bnp_party,bnp_candidate,jp_party,jp_candidate,alliance_party,alliance_candidate,notes
Rangpur Division,1,Panchagarh-1,BNP,Mohammad Nowshad Jamir,JP(E),,NCP,Sarjis Alam,
Rangpur Division,2,Panchagarh-2,BNP,Farhad Hossain Azad,JP(E),Md. Lutfar Rahman Ripon,Jamaat,Md. Shafiul Alam,
Rangpur Division,3,Thakurgaon-1,BNP,Mirza Fakhrul Islam Alamgir,JP(E),,Jamaat,Delwar Hossain,
Rangpur Division,4,Thakurgaon-2,BNP,Abdus Salam,JP(E),Nurun Nahar Begum,Jamaat,Abdul Hakim,
Rangpur Division,5,Thakurgaon-3,BNP,Md. Jahidur Rahman Jahid,JP(E),Hafiz Uddin Ahmed,Jamaat,Mizanur Rahman,
Rangpur Division,6,Dinajpur-1,BNP,Md. Monjurul Islam,JP(E),Md. Shahinur Islam,Jamaat,Md. Matiur Rahman,
Rangpur Division,7,Dinajpur-2,BNP,Md. Sadiq Riaz,JP(E),Md. Zulfikar Hossain,Jamaat,AKM Afzalul Anam,
Rangpur Division,8,Dinajpur-3,BNP,Syed Jahangir Alam,JP(E),Ahmed Shafi Rubel,Jamaat,Md. Mainul Alam,
Rangpur Division,9,Dinajpur-4,BNP,Md. Akhtaruzzaman Mia,JP(E),Md. Nurul Amin Shah,Jamaat,Md. Aftab Uddin Molla,
Rangpur Division,10,Dinajpur-5,BNP,AKM Kamruzzaman,JP(E),Md. Kazi Abdul Gafur,NCP,Md. Abdul Ahad,
Rangpur Division,11,Dinajpur-6,BNP,A. Z. M. Zahid Hossain,JP(E),Md. Rezaul Haque,Jamaat,Md. Anwarul Islam,
Rangpur Division,12,Nilphamari-1,JUIB,Monjurul Islam Afendi,JP(E),Md. Taslim Uddin,Jamaat,Md. Abdus Sattar,
Rangpur Division,13,Nilphamari-2,BNP,Shahrin Islam Tuhin,JP(E),,Jamaat,Alfaruk Abdul Latif,
Rangpur Division,14,Nilphamari-3,BNP,Syed Ali,JP(E),Md. Rohan Chowdhury,Jamaat,Obaidullah Khan Salafi,
Rangpur Division,15,Nilphamari-4,BNP,Md. Abdul Gafur Sarkar,JP(E),Md. Siddiqul Alam,Jamaat,Abdul Montakim,
Rangpur Division,16,Lalmonirhat-1,BNP,Hasan Rajiv Pradhan,JP(E),Mashiur Rahaman Ranga,Jamaat,Anowarul Islam Raju,
Rangpur Division,17,Lalmonirhat-2,BNP,Rokon Uddin Babul,JP(E),Md Elhan Uddin,Jamaat,Firoz Haider Lavlu,
Rangpur Division,18,Lalmonirhat-3,BNP,Asadul Habib Dulu,JP(E),Md. Zahid Hasan,Jamaat,Md. Abu Taher,
Rangpur Division,19,Rangpur-1,BNP,Md. Mokarram Hossain Sujon,JP(E),,Jamaat,Raihan Siraji,
Rangpur Division,20,Rangpur-2,BNP,Mohammad Ali Sarkar,JP(E),Anisul Islam Mondol,Jamaat,A. T. M. Azharul Islam,
Rangpur Division,21,Rangpur-3,BNP,Md. Shamsuzzaman Samu,JP(E),GM Quader,Jamaat,Mahbubur Rahman Belal,
Rangpur Division,22,Rangpur-4,BNP,Mohammad Emdadul Haque Bharsa,JP(E),Abu Naser Md. Shah Mahbubur Rahman,NCP,Akhter Hossain,
Rangpur Division,23,Rangpur-5,BNP,Md. Golam Rabbani,JP(E),S. M. Fakhruzzaman Jahangir,Jamaat,Md. Golam Rabbani,
Rangpur Division,24,Rangpur-6,BNP,Md. Saiful Islam,JP(E),Nur Alam Jadu,Jamaat,Md. Nurul Amin,
Rangpur Division,25,Kurigram-1,BNP,Saifur Rahman Rana,JP(E),A.K.M. Mostafizur Rahman,Jamaat,Anowarul Islam,
Rangpur Division,26,Kurigram-2,BNP,Md. Sohel Hossain Kaikobad,JP(E),Ponir Uddin Ahmed,NCP,Atik Mujahid,
Rangpur Division,27,Kurigram-3,BNP,Tazvirul Islam,JP(E),Abdus Sobhan,Jamaat,Mahbub Alam Salehi,
Rangpur Division,28,Kurigram-4,BNP,Md. Azizur Rahman,JP(E),K. M. Fazlul Mandal,Jamaat,Md. Mostafizur Rahman,
Rangpur Division,29,Gaibandha-1,BNP,Khandaker Ziaul Islam Mohammad Ali,JP(E),Shamim Haider Patwary,Jamaat,Md. Majedur Rahman,
Rangpur Division,30,Gaibandha-2,BNP,Md. Anisuzzaman Khan Babu,JP(E),Abdur Rashid Sarkar,Jamaat,Md. Abdul Karim Sarkar,
Rangpur Division,31,Gaibandha-3,BNP,Syed Mainul Hassan Sadiq,JP(E),Mainur Rabbi Chowdhury Ruman,Jamaat,Nazrul Islam,
Rangpur Division,32,Gaibandha-4,BNP,Md. Shamim Kaisar Lincoln,JP(E),Kazi Mashiur Rahman,Jamaat,Abdur Rahim Sarkar,
Rangpur Division,33,Gaibandha-5,BNP,Md. Faruk Alam Sarker,JP(E),Shamim Haider Patwary,Jamaat,Abdullah Warraich,
Rajshahi Division,34,Joypurhat-1,BNP,Md. Masud Rana Prodhan,JP(E),,Jamaat,Fazlur Rahman Said,
Rajshahi Division,35,Joypurhat-2,BNP,Abdul Bari,JP(E),,Jamaat,SM Rashedul Alam Sobuj,
Rajshahi Division,36,Bogra-1,BNP,Kazi Rafiqul Islam,JP(E),,Jamaat,Md. Sahabuddin,
Rajshahi Division,37,Bogra-2,BNP,Mir Shahe Alam,JP(E),Shariful Islam Jinnah,Jamaat,Md. Shahadatuzzaman,
Rajshahi Division,38,Bogra-3,BNP,Abdul Muhit Talukder,JP(E),Md. Shahinul Islam,Jamaat,Nur Muhammad Abu Taher,
Rajshahi Division,39,Bogra-4,BNP,Md. Mosharraf Hossain,JP(E),Shahin Mustafa Kamal,Jamaat,Mustafa Faisal Parvez,
Rajshahi Division,40,Bogra-5,BNP,Golam Mohammad Siraj,JP(E),,Jamaat,Md. Dabibur Rahman,
Rajshahi Division,41,Bogra-6,BNP,Tarique Rahman,JP(E),,Jamaat,Abidur Rahman Sohel,
Rajshahi Division,42,Bogra-7,BNP,Morshed Alam,BML,Md. Ansar Ali,Jamaat,Golam Rabbani,
Rajshahi Division,43,Chapai Nawabganj-1,BNP,Md. Shahjahan Miah,JP(E),Afzal Hossain,Jamaat,Md. Keramat Ali,
Rajshahi Division,44,Chapai Nawabganj-2,BNP,Md. Aminul Islam,JP(E),Md. Khurshid Alam,Jamaat,Mizanur Rahman,
Rajshahi Division,45,Chapai Nawabganj-3,BNP,Md. Harunur Rashid,JP(E),,Jamaat,Nurul Islam Bulbul,
Rajshahi Division,46,Naogaon-1,BNP,Md. Mostafizur Rahman,JP(E),Md. Akbar Ali,Jamaat,Mahtab ul Haq,
Rajshahi Division,47,Naogaon-2,BNP,Md. Shamsuzzoha Khan,JP(E),,Jamaat,Md. Enamul Haque,
Rajshahi Division,48,Naogaon-3,BNP,Md. Fazle Huda Babul,JP(E),Md. Masud Rana,Jamaat,Muhammad Mahfuzur Rahman,
Rajshahi Division,49,Naogaon-4,BNP,Ekramul Bari Tipu,JP(E),Md. Altaf Hossain,Jamaat,Khondkar Muhammad Abdur Rakib,
Rajshahi Division,50,Naogaon-5,BNP,Zahidul Islam Dulu,JP(E),Md. Anwar Hossain,Jamaat,Abu Sadat Md. Sayem,
Rajshahi Division,51,Naogaon-6,BNP,Sheikh Md. Rejaul Islam Reju,JP(E),,Jamaat,Muhammad Khobirul Islam,
Rajshahi Division,52,Rajshahi-1,BNP,Md. Sharif Uddin,JP(E),,Jamaat,Mujibur Rahman,
Rajshahi Division,53,Rajshahi-2,BNP,Mizanur Rahman Minu,JP(E),,Jamaat,Mohammad Jahangir,
Rajshahi Division,54,Rajshahi-3,BNP,Md. Shofiqul Haque Milon,JP(E),Afzal Hossain,Jamaat,Abdul Kalam Azad,
Rajshahi Division,55,Rajshahi-4,BNP,Ziaur Rahman Zia,JP(E),,Jamaat,Abdul Bari Sardar,
Rajshahi Division,56,Rajshahi-5,BNP,Nazrul Islam,JP(E),,Jamaat,Manzoor Rahman,
Rajshahi Division,57,Rajshahi-6,BNP,Abu Sayed Chad,JP(E),Md. Iqbal Hossain,Jamaat,Md. Nazmul Haq,
Rajshahi Division,58,Natore-1,BNP,Farzana Sharmin,JP(E),,Jamaat,Abdul Kalam Azad,
Rajshahi Division,59,Natore-2,BNP,Ruhul Quddus Talukder Dulu,JP(E),Md. Rakib Uddin Kamal,Jamaat,Md. Yunus Ali,
Rajshahi Division,60,Natore-3,BNP,Md. Anwarul Islam,JP(E),Md. Ashiq Iqbal,NCP,SM Jarjis Kabir,
Rajshahi Division,61,Natore-4,BNP,Md. Abdul Aziz,JP(E),M Yusuf Ahmed,Jamaat,Md. Abdul Hakim,
Rajshahi Division,62,Sirajganj-1,BNP,Salim Reza,JP(E),Md. Zahurul Islam,Jamaat,Md. Shahinur Alam,
Rajshahi Division,63,Sirajganj-2,BNP,Iqbal Hasan Mahmud Tuku,JP(E),,Jamaat,Muhammad Zahidul Islam,
Rajshahi Division,64,Sirajganj-3,BNP,Ainul Haq,JP(E),Md. Fazlul Haque,BKM,Muh. Abdur Rauf Sarkar,
Rajshahi Division,65,Sirajganj-4,BNP,M Akbar Ali,JP(E),Md. Hilton Pramanik,Jamaat,Rafiqul Islam Khan,
Rajshahi Division,66,Sirajganj-5,BNP,Md. Amirul Islam Khan,JP(E),Md. Akbar Hossain,Jamaat,Md. Ali Alam,
Rajshahi Division,67,Sirajganj-6,BNP,M. A. Muhit,JP(E),Md. Moktar Hossain,NCP,SM Saif Mostafiz,
Rajshahi Division,68,Pabna-1,BNP,Md. Shamsur Rahman,JP(E),,Jamaat,Mohammad Nazibur Rahman,
Rajshahi Division,69,Pabna-2,BNP,AKM Salim Reza Habib,JP(E),Mehedi Hasan Rubel,Jamaat,Md. Hesab Uddin,
Rajshahi Division,70,Pabna-3,BNP,Hasan Zafir Tuhin,JP(E),Mir Nadim Mohammad Dablu,Jamaat,Muhammad Ali Asghar,
Rajshahi Division,71,Pabna-4,BNP,Habibur Rahman Habib,JP(E),Md. Saiful Azad Mallick,Jamaat,Md. Abu Taleb Mondol,
Rajshahi Division,72,Pabna-5,BNP,Md. Shamsur Rahman Shimul Biswas,JP(E),,Jamaat,Md. Iqbal Hossain,
Khulna Division,73,Meherpur-1,BNP,Masud Arun,JP(E),Md. Abdul Hamid,Jamaat,Tajuddin Khan,
Khulna Division,74,Meherpur-2,BNP,Md. Amzad Hossain,JP(E),Md. Abdul Baki,Jamaat,Md. Nazmul Huda,
Khulna Division,75,Kushtia-1,BNP,Reza Ahmed Bachchu,JP(E),Md. Shahariar Jamil,Jamaat,Belal Uddin,
Khulna Division,76,Kushtia-2,BNP,Raghib Rauf Chowdhury,JP(E),,Jamaat,Md. Abdul Gafur,
Khulna Division,77,Kushtia-3,BNP,Md. Zakir Hossain Sarker,JP(E),,Jamaat,Amir Hamza,
Khulna Division,78,Kushtia-4,BNP,Syed Mehedi Ahmed Rumi,JP(E),,Jamaat,Afjal Hossain,
Khulna Division,79,Chuadanga-1,BNP,Md. Sharifuzzaman,JP(E),,Jamaat,Masud Parvez Russell,
Khulna Division,80,Chuadanga-2,BNP,Mahmud Hasan Khan,JP(E),,Jamaat,Md. Ruhul Amin,
Khulna Division,81,Jhenaidah-1,BNP,Md Asaduzzaman,JP(E),Monika Alam,Jamaat,Abu Saleh Md. Matiur Rahman,
Khulna Division,82,Jhenaidah-2,BNP,Md. Abdul Majid,JP(E),Sawgatul Islam,Jamaat,Ali Azam Md. Abu Bakar,
Khulna Division,83,Jhenaidah-3,BNP,Mohammad Mehedi Hasan,JP(E),,Jamaat,Matiur Rahman,
Khulna Division,84,Jhenaidah-4,BNP,Md. Rashed Khan,JP(E),Emdadul Islam,Jamaat,Md. Abu Taleb,
Khulna Division,85,Jessore-1,BNP,Nuruzzaman Liton,JP(E),Md. Jahangir Alam,Jamaat,Muhammad Azizur Rahman,
Khulna Division,86,Jessore-2,BNP,Sabira Sultana,JP(E),Md. Feroz Shah,Jamaat,Moslehuddin Farid,
Khulna Division,87,Jessore-3,BNP,Aninda Islam Amit,JP(E),Md. Khabir Gazi,Jamaat,Md. Abdul Kader,
Khulna Division,88,Jessore-4,BNP,Matiar Rahman Faraji,JP(E),Md. Zahurul Haque,Jamaat,Golam Rasul,
Khulna Division,89,Jessore-5,BNP,Rashid Bin Waqqas,JP(E),M. A. Halim,Jamaat,Gazi Enamul Haq,
Khulna Division,90,Jessore-6,BNP,Abul Hossain Azad,JP(E),G. M. Hassan,Jamaat,Md. Moktar Ali,
Khulna Division,91,Magura-1,BNP,Monowar Hossain Khan,JP(E),Md. Zakir Hossain Mollah,Jamaat,Abdul Matin,
Khulna Division,92,Magura-2,BNP,Nitai Roy Chowdhury,JP(E),Moshiar Rahman,Jamaat,Md. Mushtarshed Billah,
Khulna Division,93,Narail-1,BNP,Biswas Jahangir Alam,JP(E),Md. Milton Mollah,Jamaat,Obaydullah Kaiser,
Khulna Division,94,Narail-2,BNP,AZM Fariduzzaman Farhad,JP(E),Khandaker Fayekuzzaman,Jamaat,Ataur Rahman Bacchu,
Khulna Division,95,Bagerhat-1,BNP,Kapil Krishna Mondal,JP(E),S.M. Golam Sarwar,Jamaat,Mashur Rahman Khan,
Khulna Division,96,Bagerhat-2,BNP,Sheikh Mohammad Zakir Hossain,JP(E),,Jamaat,Sheikh Manjurul Haq Rahad,
Khulna Division,97,Bagerhat-3,BNP,Sheikh Faridul Islam,JP(E),,Jamaat,Muhammad Abdul Wadud Sekh,
Khulna Division,98,Bagerhat-4,BNP,Somnath Dey,JP(E),Sajan Kumar Mistry,Jamaat,Abdul Alim,
Khulna Division,99,Khulna-1,BNP,Amir Ezaz Khan,JP(E),Md. Jahangir Hossain,Jamaat,Krishna Nandi,
Khulna Division,100,Khulna-2,BNP,Nazrul Islam Manju,JP(E),,Jamaat,Sheikh Jahangir Hussain Helal,
Khulna Division,101,Khulna-3,BNP,Rakibul Islam Bakul,JP(E),Md. Abdullah Al Mamun,Jamaat,Mahfuzur Rahman,
Khulna Division,102,Khulna-4,BNP,Azizul Baree Helal,JP(E),,KM,S. M. Sakhawat Hossain,
Khulna Division,103,Khulna-5,BNP,Mohammad Ali Asghar Lobby,JP(E),Shamim Ara Parveen,Jamaat,Mia Golam Parwar,
Khulna Division,104,Khulna-6,BNP,Monirul Hasan Bappi,JP(E),Md. Mustafa Kamal Jahangir,Jamaat,Md. Abul Kalam Azad,
Khulna Division,105,Satkhira-1,BNP,Md. Habibul Islam Habib,JP(E),Ziaur Rahman,Jamaat,Md. Izzat Ullah,
Khulna Division,106,Satkhira-2,BNP,Abdur Rouf,JP(E),Ashrafuzzaman Ashu,Jamaat,Muhaddis Abdul Khalek,
Khulna Division,107,Satkhira-3,BNP,Kazi Alauddin,JP(E),Md. Alif Hossain,Jamaat,Muhaddis Rabiul Bashar,
Khulna Division,108,Satkhira-4,BNP,Md. Moniruzzaman,JP(E),Hussein Muhammad Mayaz,Jamaat,Gazi Nazrul Islam,
Barishal Division,109,Barguna-1,BNP,Md. Nazrul Islam Molla,JP(E),Md. Jamal Hossain,KM,Md. Jahangir Hossain,
Barishal Division,110,Barguna-2,BNP,Nurul Islam Moni,JP(E),Abdul Latif Farazi,Jamaat,Sultan Ahmed,
Barishal Division,111,Patuakhali-1,BNP,Altaf Hossain Chowdhury,JP(E),Mannan Howlader,AB Party,Mohammad Abdul Wahab,
Barishal Division,112,Patuakhali-2,BNP,Shahidul Alam Talukder,JP(E),,Jamaat,Md. Shafiqul Islam Masud,
Barishal Division,113,Patuakhali-3,GOP,Nurul Haque Nur,JP(E),,Jamaat,Shah Alam,
Barishal Division,114,Patuakhali-4,BNP,A. B. M. Mosharraf Hossain,JP(E),,KM,Zahir Uddin Ahmed,
Barishal Division,115,Bhola-1,BJP,Andaleeve Rahman,JP(E),Md. Akbar Hossain,Jamaat,Md. Nazrul Islam,
Barishal Division,116,Bhola-2,BNP,Md. Hafiz Ibrahim,JP(E),Md. Jahangir Alam Ritu,LDP,Mokfar Uddin Chowdhury,
Barishal Division,117,Bhola-3,BNP,Hafizuddin Ahmed,JP(E),Md. Kamal Uddin,BDP,Nizamul Haque,
Barishal Division,118,Bhola-4,BNP,Mohammad Nurul Islam Nayan,JP(E),Md. Mizanur Rahman,Jamaat,Mustafa Kamal,
Barishal Division,119,Barisal-1,BNP,Zahir Uddin Swapan,JP(E),Sernibat Sikander Ali,Jamaat,Kamrul Islam,
Barishal Division,120,Barisal-2,BNP,Shardar Sharfuddin Ahmed Shantu,JP(E),M. A. Jalil,Jamaat,Abdul Mannan,
Barishal Division,121,Barisal-3,BNP,Zainul Abedin,JP(E),Golam Kibria Tipu,AB Party,Asaduzzaman Fuaad,
Barishal Division,122,Barisal-4,BNP,Md. Rajib Ahsan,BSM,Abdul Jalil,Jamaat,Abdul Jabbar,
Barishal Division,123,Barisal-5,BNP,Majibur Rahman Sarwar,JP(E),Akhtar Rahman,Like-minded 11 Parties alliance supports IAB,,
Barishal Division,124,Barisal-6,BNP,Abul Hossain Khan,BML,Abdul Quddus,Jamaat,Mahmudunnabi Talukder,
Barishal Division,125,Jhalokati-1,BNP,Rafiqul Islam Jamal,JP(E),Md. Rubel Howlader,Jamaat,Fayzul Huq,
Barishal Division,126,Jhalokati-2,BNP,Israt Sultana Elen Bhutto,JP(E),,Jamaat,Sheikh Neyamul Karim,
Barishal Division,127,Pirojpur-1,BNP,Alamgir Hossain,JP(E),,Jamaat,Masood Sayedee,
Barishal Division,128,Pirojpur-2,BNP,Ahammad Sohel Monzoor,JP(M),Md. Mahibul Hossain,Jamaat,Shameem Sayedee,
Barishal Division,129,Pirojpur-3,BNP,Md. Ruhul Amin Dulal,JP(E),Md. Mashrequl Azam,NCP,Md. Shamim Hamidi,
Mymensingh Division,138,Jamalpur-1,BNP,M. Rashiduzzaman Millat,JP(E),A. K. M. Fazlul Haque,Jamaat,Nazmul Haque Sayedee,
Mymensingh Division,139,Jamalpur-2,BNP,A. E. Sultan Mahmud Babu,JP(E),,Jamaat,Shamiul Haque Farooqui,
Mymensingh Division,140,Jamalpur-3,BNP,Md. Mustafizur Rahman Babul,JP(E),Mir Shamsul Alam,Jamaat,Mujibur Rahman Azadi,
Mymensingh Division,141,Jamalpur-4,BNP,Md. Faridul Kabir Talukder Shamim,JP(E),,Jamaat,Md. Abdul Awal,
Mymensingh Division,142,Jamalpur-5,BNP,Shah Md. Wares Ali Mamun,JP(E),Md. Babar Ali Khan,Jamaat,Abdus Sattar,
Mymensingh Division,143,Sherpur-1,BNP,Sunsila Jabrin Priyanka,JP(E),Md. Ilias Uddin,Jamaat,Hafez Rashedul Islam,
Mymensingh Division,144,Sherpur-2,BNP,Mohammad Fahim Chowdhury,JP(E),,Jamaat,Md. Golam Kibria,
Mymensingh Division,145,Sherpur-3,,,,,,,Election postponed[52]
Mymensingh Division,146,Mymensingh-1,BNP,Syed Emran Saleh Prince,JP(E),,KM,Md. Tajul Islam,
Mymensingh Division,147,Mymensingh-2,BNP,Motaher Hossain Talukder,JP(E),Md. Emdadul Haque Khan,BKM,Md. Muhammadullah,
Mymensingh Division,148,Mymensingh-3,BNP,M. Iqbal Hossain,JP(E),,NIP,Md. Abu Taher Khan,
Mymensingh Division,149,Mymensingh-4,BNP,Abu Wahab Akondo,JP(E),Abu Md. Musa Sarkar,Jamaat,Kamrul Ahsan,
Mymensingh Division,150,Mymensingh-5,BNP,Mohammad Jakir Hossain,JP(E),,Jamaat,Matiur Rahman Akand,
Mymensingh Division,151,Mymensingh-6,BNP,Md. Akhtarul Alam,JP(E),,Jamaat,Md. Kamrul Hasan,
Mymensingh Division,152,Mymensingh-7,BNP,Md. Mahbubur Rahman,JP(E),Md. Zahirul Islam,Jamaat,Md. Asaduzzaman,
Mymensingh Division,153,Mymensingh-8,BNP,Lutfullahel Majed Babu,JP(E),Fakhrul Imam,LDP,Md. Aurangzeb Belal,
Mymensingh Division,154,Mymensingh-9,BNP,Yeaser Khan Chowdhury,JP(E),Hasmat Mahmud,BDP,Anwarul Islam Chan,
Mymensingh Division,155,Mymensingh-10,BNP,Mohammad Akteruzzaman Bacchu,JP(E),Md. Al Amin Sohan,LDP,Syed Mahmud Morshed,
Mymensingh Division,156,Mymensingh-11,BNP,Fakhar Uddin Ahmed Bacchu,JP(E),,NCP,Jahidul Islam,
Mymensingh Division,157,Netrokona-1,BNP,Kayser Kamal,JP(E),Md. Anwar Hossain Khan,BKM,Ghulam Rabbani,
Mymensingh Division,158,Netrokona-2,BNP,Md. Anwarul Haque,JP(E),A.B.M Rafiqul Haque Talukder,NCP,Fahim Rahman Khan Pathan,
Mymensingh Division,159,Netrokona-3,BNP,Rafiqul Islam Hilani,JP(E),Md. Abul Hossain Talukder,Jamaat,Md Khairul Kabir Niyogi,
Mymensingh Division,160,Netrokona-4,BNP,Lutfozzaman Babar,JP(E),,Jamaat,Al Helal Talukder,
Mymensingh Division,161,Netrokona-5,BNP,Md. Abu Taher Talukder,JP(E),,Jamaat,Masum Mustafa,
Dhaka Division,130,Tangail-1,BNP,Fakir Mahbub Anam Swapan,JP(E),Muhammad Ilyas Hossain,Jamaat,Muhammad Abdullah Kafi,
Dhaka Division,131,Tangail-2,BNP,Abdus Salam Pintu,JP(E),Md. Humayun Kabir Talukder,Jamaat,Humayun Kabir,
Dhaka Division,132,Tangail-3,BNP,S. M. Obaidul Haque Nasir,JP(E),,NCP,Saifullah Haider,
Dhaka Division,133,Tangail-4,BNP,Lutfor Rahman Khan Matin,JP(E),Md. Liaquat Ali,Jamaat,Khandaker Abdur Razzak,
Dhaka Division,134,Tangail-5,BNP,Sultan Salauddin Tuku,JP(E),Md. Mozammel Haque,Jamaat,Ahsan Habib Masud,
Dhaka Division,135,Tangail-6,BNP,Md. Rabiul Awwal Lablu,JP(E),Mohammad Mamunur Rahim,Jamaat,Abdul Hamid,
Dhaka Division,136,Tangail-7,BNP,Abul Kalam Azad Siddiqui,JP(E),,Jamaat,Abdullah Talukder,
Dhaka Division,137,Tangail-8,BNP,Ahmad Azam Khan,JP(E),Md. Nazmul Hasan,Jamaat,Shafiqul Islam Khan,
Dhaka Division,162,Kishoreganj-1,BNP,Mohammad Mazharul Islam,JP(E),,KM,Ahmad Ali,
Dhaka Division,163,Kishoreganj-2,BNP,Md. Jalal Uddin,JP(E),Md. Afzal Hossain Bhuiyan,Jamaat,Md. Shafiqul Islam,
Dhaka Division,164,Kishoreganj-3,BNP,Osman Faruk,JP(E),Md. Abu Bakr Siddique,Jamaat,Jihad Khan,
Dhaka Division,165,Kishoreganj-4,BNP,Md. Fazlur Rahman,JP(E),,Jamaat,Md. Rokon Reza Sheikh,
Dhaka Division,166,Kishoreganj-5,BNP,Syed Ehsanul Huda,JP(E),Md. Mahbubul Alam,Jamaat,Ramzan Ali,
Dhaka Division,167,Kishoreganj-6,BNP,Md. Shariful Alam,JP(E),Mohammad Ayub Hussain,BKM,Ataullah Amin,
Dhaka Division,168,Manikganj-1,BNP,S.A. Jinnah Kabir,JP(E),,Jamaat,Abu Bakr Siddique,
Dhaka Division,169,Manikganj-2,BNP,Mainul Islam Khan,JP(E),S. M. Abdul Mannan,KM,Md. Salah Uddin,
Dhaka Division,170,Manikganj-3,BNP,Afroza Khan Rita,JP(E),Abul Bashar Badshah,BKM,Mufti Saeed Nur,
Dhaka Division,171,Munshiganj-1,BNP,Sheikh Md. Abdullah,JP(E),,Jamaat,AKM Fakhruddin Raji,
Dhaka Division,172,Munshiganj-2,BNP,Abdus Salam Azad,JP(E),Md. Noman Mia,NCP,Majedul Islam,
Dhaka Division,173,Munshiganj-3,BNP,Md. Kamruzzaman,JP(E),Md. Arifuzzaman Didar,BKM,Nur Hossain Noorani,
Dhaka Division,174,Dhaka-1,BNP,Khandaker Abu Ashfaq,JP(E),Md. Nasir Uddin Molla,Jamaat,Nazrul Islam,
Dhaka Division,175,Dhaka-2,BNP,Amanullah Aman,JP(E),,Jamaat,Mohammad Abdul Hoque,
Dhaka Division,176,Dhaka-3,BNP,Gayeshwar Chandra Roy,JP(E),Faruk Hossain,Jamaat,Shahinur Islam,
Dhaka Division,177,Dhaka-4,BNP,Tanveer Ahmed Robin,BSM,Sahel Ahmed Sohel,Jamaat,Syed Joynul Abedin,
Dhaka Division,178,Dhaka-5,BNP,Nabiullah Nabi,JP(E),Mir Abdus Sabur,Jamaat,Mohammad Kamal Hossain,
Dhaka Division,179,Dhaka-6,BNP,Ishraque Hossain,JP(E),Amir Uddin Ahmed,Jamaat,Abdul Mannan,
Dhaka Division,180,Dhaka-7,BNP,Hamidur Rahman Hamid,JP(E),Saifuddin Ahmed Milon,Jamaat,Md. Enayetullah,
Dhaka Division,181,Dhaka-8,BNP,Mirza Abbas Uddin Ahmed,JP(E),Md. Zuber Alam Khan,NCP,Nasiruddin Patwary,
Dhaka Division,182,Dhaka-9,BNP,Habibur Rashid Habib,JP(E),Kazi Abul Khair,NCP,Javed Rasin,
Dhaka Division,183,Dhaka-10,BNP,Shaikh Rabiul Alam,JP(E),Bhanni Bepari,Jamaat,Jasim Uddin Sarkar,
Dhaka Division,184,Dhaka-11,BNP,M. A. Quayum,JP(E),Shamim Ahmed,NCP,Nahid Islam,
Dhaka Division,185,Dhaka-12,BRWP,Saiful Haque,JP(E),Sarkar Mohammad Salahuddin,Jamaat,Saiful Alam,
Dhaka Division,186,Dhaka-13,BNP,Bobby Hajjaj,BML,Shahriar Iftekhar,BKM,Mamunul Haque,
Dhaka Division,187,Dhaka-14,BNP,Sanjida Islam Tuli,JP(E),Md. Helal Uddin,Jamaat,Mir Ahmad Bin Quasem,
Dhaka Division,188,Dhaka-15,BNP,Md. Safiqul Islam Milton,JP(E),Md. Shamsul Haque,Jamaat,Shafiqur Rahman,
Dhaka Division,189,Dhaka-16,BNP,Aminul Haque,JP(E),Md. Sultan Ahmed Selim,Jamaat,Md. Abdul Baten,
Dhaka Division,190,Dhaka-17,BNP,Tarique Rahman,JP(E),Tapu Raihan,Jamaat,SM Khaliduzzaman,
Dhaka Division,191,Dhaka-18,BNP,S.M. Jahangir Hossain,JP(E),Md. Zakir Hossain,NCP,Ariful Islam,
Dhaka Division,192,Dhaka-19,BNP,Dewan Md. Salauddin,JP(E),Md. Bahadur Islam,NCP,Dilshana Parul,
Dhaka Division,193,Dhaka-20,BNP,Tamij Uddin,JP(E),Ahsan Khan,NCP,Nabila Tasnid,
Dhaka Division,194,Gazipur-1,BNP,Md. Mojibur Rahman,JP(E),S.M. Shafiqul Islam,Jamaat,Shah Alam Bakhshi,
Dhaka Division,195,Gazipur-2,BNP,M. Manjurul Karim Roni,JP(E),Md. Mahbub Alam,NCP,Ali Naser Khan,
Dhaka Division,196,Gazipur-3,BNP,S. M. Rafiqul Islam Bachchu,JP(E),Md. Nazim Uddin,BKM,Muhammad Ehsanul Haque,
Dhaka Division,197,Gazipur-4,BNP,Shah Riazul Hannan,JP(E),Enamul Kabir,Jamaat,Salahuddin Ayubi,
Dhaka Division,198,Gazipur-5,BNP,Fazlul Haque Milon,JP(E),Md. Safiuddin Sarkar,Jamaat,Khairul Hasan,
Dhaka Division,199,Narsingdi-1,BNP,Khairul Kabir Khokon,JP(E),Mohammad Mustafa Jamal,Jamaat,Ibrahim Bhuiyan,
Dhaka Division,200,Narsingdi-2,BNP,Abdul Moyeen Khan,JP(E),A.N.M. Rafiqul Alam Selim,NCP,Sarowar Tusher,
Dhaka Division,201,Narsingdi-3,BNP,Manjur Elahi,JP(E),A.K.M Rezaul Karim,BKM,Md. Rakibul Islam Rakib,
Dhaka Division,202,Narsingdi-4,BNP,Sardar Md. Shakhawat Hossain Bokul,JP(E),Md. Kamal Uddin,Jamaat,Md. Jahangir Alam,
Dhaka Division,203,Narsingdi-5,BNP,Md. Ashraf Uddin Bokul,JP(E),Meherun Nesha Khan Hena,BKM,Tajul Islam,
Dhaka Division,204,Narayanganj-1,BNP,Mustafizur Rahman Bhuiyan Dipu,JP(E),,Jamaat,Anwar Hossain Molla,
Dhaka Division,205,Narayanganj-2,BNP,Nazrul Islam Azad,JP(E),,Jamaat,Elias Molla,
Dhaka Division,206,Narayanganj-3,BNP,Md. Azharul Islam Mannan,JP(E),,Jamaat,Iqbal Hossain Bhuiyan,
Dhaka Division,207,Narayanganj-4,JUIB,Monir Hossain Kasemi,JP(E),Md. Salauddin Khoka,NCP,Abdullah Al Amin,
Dhaka Division,208,Narayanganj-5,BNP,Abul Kalam,BSM,H.M. Amjad Hossain Mollah,KM,ABM Sirajul Mamun,
Dhaka Division,209,Rajbari-1,BNP,Ali Newaz Mahmud Khaiyam,JP(E),Khondaker Habibur Rahman,Jamaat,Nurul Islam,
Dhaka Division,210,Rajbari-2,BNP,Md. Harunur Rashid,JP(E),Md. Shafiul Azam Khan,NCP,Syed Jamil Hijazi,
Dhaka Division,211,Faridpur-1,BNP,Khandaker Nasirul Islam,JP(E),Sultan Ahmed Khan,Jamaat,Md. Elias Molla,
Dhaka Division,212,Faridpur-2,BNP,Shama Obaid Islam,JP(E),,BKM,Md. Akram Ali,
Dhaka Division,213,Faridpur-3,BNP,Nayab Yusuf Ahmed,JP(E),,Jamaat,Abdut Tawab,
Dhaka Division,214,Faridpur-4,BNP,Shohidul Islam Babul,JP(E),Rayhan Jamil,Jamaat,Md. Sarwar Hossain,
Dhaka Division,215,Gopalganj-1,BNP,Md. Selimuzzaman Molla,JP(E),Sultan Zaman Khan,Jamaat,Abdul Hamid,
Dhaka Division,216,Gopalganj-2,BNP,K. M. Babar Ali,JP(E),Mahmud Hasan,BKM,Shuaib Ibrahim,
Dhaka Division,217,Gopalganj-3,BNP,S. M. Jilani,JP(E),,BKM,Ahmed Aziz,
Dhaka Division,218,Madaripur-1,BNP,Nadira Akhtar,JP(E),Mohammad Zahirul Islam Mintu,BKM,Saeed Uddin Ahmad Hanzala,
Dhaka Division,219,Madaripur-2,BNP,Jahandar Ali Khan,JP(E),Md. Mohidul Islam,BKM,Abdus Sobahan Khan,
Dhaka Division,220,Madaripur-3,BNP,Anisur Rahman,JP(E),,Jamaat,Md. Rafiqul Islam,
Dhaka Division,221,Shariatpur-1,BNP,Sayeed Ahmed Aslam,JP(E),,BKM,Jalaluddin Ahmed,
Dhaka Division,222,Shariatpur-2,BNP,Md. Shafiqur Rahman Kiron,JP(E),Jasim Uddin,Jamaat,Mahmud Hossain Bakaul,
Dhaka Division,223,Shariatpur-3,BNP,Mia Nur Uddin Ahmed Apu,JP(E),Md. Abdul Hannan,Jamaat,Muhammad Azharul Islam,
Sylhet Division,224,Sunamganj-1,BNP,Kamruzzaman kamrul,JP(E),,Jamaat,Tofayel Ahmed Khan,
Sylhet Division,225,Sunamganj-2,BNP,Nasir Hossain Chowdhury,JP(E),,Jamaat,Shishir Monir,
Sylhet Division,226,Sunamganj-3,BNP,Mohammad Kaisar Ahmed,JP(E),,BKM,Shahinur Pasha Chowdhury,
Sylhet Division,227,Sunamganj-4,BNP,Nurul Islam,JP(E),Nazmul Huda,Jamaat,Md. Shams Uddin,
Sylhet Division,228,Sunamganj-5,BNP,Kalim Uddin Ahmed,JP(E),Mohammad Jahangir Alam,Jamaat,Abdus Salam Madani,
Sylhet Division,229,Sylhet-1,BNP,Khandaker Abdul Muktadir Chowdhury,JP(E),,Jamaat,Habib ur Rahman,
Sylhet Division,230,Sylhet-2,BNP,Tahsina Rushdir Luna,JP(E),Mahbubur Rahman Chowdhury,KM,Muhammad Muntasir Ali,
Sylhet Division,231,Sylhet-3,BNP,Mohammed Abdul Malique,JP(E),Mohammad Atiqur Rahman Atiq,BKM,Musleh Uddin Raju,
Sylhet Division,232,Sylhet-4,BNP,Ariful Haque Choudhury,JP(E),Mohammad Mujibur Rahman,Jamaat,Joynal Abedin,
Sylhet Division,233,Sylhet-5,JUIB,Ubaydullah Faruk,BML,Md. Bilal Uddin,KM,Mohammad Abul Hasan,
Sylhet Division,234,Sylhet-6,BNP,Emran Ahmed Chowdhury,JP(E),Mohammad Abdun Noor,Jamaat,Muhammad Selim Uddin,
Sylhet Division,235,Moulvibazar-1,BNP,Nasir Uddin Ahmed Mithu,JP(E),Ahmed Riaz Uddin,Jamaat,Aminul Islam,
Sylhet Division,236,Moulvibazar-2,BNP,Shawkat Hossain Saku,JP(E),Md. Abdul Malik,Jamaat,AM Shahed Ali,
Sylhet Division,237,Moulvibazar-3,BNP,M. Naser Rahman,JP(E),,KM,Ahmed Bilal,
Sylhet Division,238,Moulvibazar-4,BNP,Md. Mujibur Rahman Chowdhury,JP(E),Mohammad Jorif Hossain,NCP,Pritom Das,
Sylhet Division,239,Habiganj-1,BNP,Reza Kibria,JP(E),,BKM,Sirajul Islam,
Sylhet Division,240,Habiganj-2,BNP,Abu Mansur Sakhawat Hasan Jibon,JP(E),Abdul Muktadir Chowdhury,KM,Abdul Basit Azad,
Sylhet Division,241,Habiganj-3,BNP,G. K. Gouse,JP(E),Abdul Munim Chowdhury,Jamaat,Kazi Mahsin Ahmed,
Sylhet Division,242,Habiganj-4,BNP,S. M. Faisal,BML,Shah Md. Al Amin,KM,Ahmed Abdul Quader,
Chittagong Division,243,Brahmanbaria-1,BNP,M. A. Hannan,JP(E),Md. Shah Alam,Jamaat,Md. Aminul Islam,
Chittagong Division,244,Brahmanbaria-2,JUIB,Junaid Al Habib,JP(E),Md. Ziaul Haque Mridha,NCP,Ashraf Uddin,
Chittagong Division,245,Brahmanbaria-3,BNP,Md. Khaled Hossain Mahbub Shemal,JP(E),Md. Rezaul Islam Bhuiyan,NCP,Mohammad Ataullah,
Chittagong Division,246,Brahmanbaria-4,BNP,Mushfiqur Rahman,JP(E),Md. Zahirul Haque Khan,Jamaat,Md. Ataur Rahman Sarkar,
Chittagong Division,247,Brahmanbaria-5,BNP,Md. Abdul Mannan,JP(E),Mohammad Kamrul Islam,BKM,Amjad Hossain Ashrafi,
Chittagong Division,248,Brahmanbaria-6,GA,Zonayed Saki,JP(E),,Jamaat,Md. Mohsin,
Chittagong Division,249,Comilla-1,BNP,Khandaker Mosharraf Hossain,JP(E),Syed Md. Iftekhar Ahsan,Jamaat,Moniruzzaman Bahalul,
Chittagong Division,250,Comilla-2,BNP,Md. Selim Bhuiyan,JP(E),Md. Amir Hossain,Jamaat,Nazim Uddin Molla,
Chittagong Division,251,Comilla-3,BNP,Kazi Shah Mofazzal Hossain Kaikobad,JP(E),,Jamaat,Yusuf Hakim Sohel,
Chittagong Division,252,Comilla-4,GOP,Md. A. Jasim Uddin,JP(E),,NCP,Hasnat Abdullah,
Chittagong Division,253,Comilla-5,BNP,Md. Jashim Uddin,JP(E),Md. Emranul Haque,Jamaat,Mubarak Hossain,
Chittagong Division,254,Comilla-6,BNP,Monirul Haq Chowdhury,BSM,Md. Amir Hossain Farayezi,Jamaat,Kazi Din Mohammad,
Chittagong Division,255,Comilla-7,BNP,Redwan Ahmed,BSM,Sajal Kumar Kar,KM,Sulaiman Khan,
Chittagong Division,256,Comilla-8,BNP,Zakaria Taher Sumon,JP(E),H. M. M Irfan,Jamaat,Shafiqul Alam Helali,
Chittagong Division,257,Comilla-9,BNP,Md. Abul Kalam,JP(E),Md. Golam Mustafa Kamal,Jamaat,Syed AKM Sarwar Uddin Siddiqui,
Chittagong Division,258,Comilla-10,BNP,Mobasher Alam Bhuiyan,BSM,Kazi Noor Alam Siddiqui,Jamaat,Muhammad Yasin Arafat,
Chittagong Division,259,Comilla-11,BNP,Md. Kamrul Huda,JP(E),Md. Main Uddin,Jamaat,Syed Abdullah Muhammad Taher,
Chittagong Division,260,Chandpur-1,BNP,A. N. M. Ehsanul Hoque Milan,JP(E),Habib Khan,Jamaat,Abu Nasr Mohammad Maqbul Ahmed,
Chittagong Division,261,Chandpur-2,BNP,Md. Jalal Uddin,JP(E),Md. Emran Hossain Mia,LDP,Md. Billal Hossain,
Chittagong Division,262,Chandpur-3,BNP,Sheikh Farid Ahmed Manik,JP(E),,Jamaat,Shahjahan Mia,
Chittagong Division,263,Chandpur-4,BNP,Harunur Rashid,JP(E),Mahmud Alam,Jamaat,Billal Hossain Miyaji,
Chittagong Division,264,Chandpur-5,BNP,Md. Mominul Haque,JP(E),Mirza Ghiyasuddin,LDP,Md. Neyamul Bashir,
Chittagong Division,265,Feni-1,BNP,Rafiqul Alam Majnu,JP(E),Motaher Hossain Chowdhury,Jamaat,ESM Kamal Uddin,
Chittagong Division,266,Feni-2,BNP,Joynal Abedin,JP(E),,AB Party,Mojibur Rahman Bhuiyan Monju,
Chittagong Division,267,Feni-3,BNP,Abdul Awal Mintoo,JP(E),Md. Abu Sufian,Jamaat,Mohammad Fakhruddin,
Chittagong Division,268,Noakhali-1,BNP,Mahbub Uddin Khokon,JP(E),Md. Nurul Amin,Jamaat,Muhammad Saifullah,
Chittagong Division,269,Noakhali-2,BNP,Zainul Abdin Farroque,JP(E),Md. Shahadat Hossain,NCP,Sultan Mohammed Zakaria,
Chittagong Division,270,Noakhali-3,BNP,Barkat Ullah Bulu,JP(E),,Jamaat,Borhan Uddin,
Chittagong Division,271,Noakhali-4,BNP,Md. Shahjahan,JP(E),Md. Shariful Islam,Jamaat,Ishak Khondaker,
Chittagong Division,272,Noakhali-5,BNP,Muhammad Fakhrul Islam,JP(E),Khawaja Tanvir Ahmed,Jamaat,Belayet Hossain,
Chittagong Division,273,Noakhali-6,BNP,Mahbuber Rahman Samim,JP(E),ATM Nabi Ullah,NCP,Abdul Hannan Masud,
Chittagong Division,274,Lakshmipur-1,BNP,Shahadat Hossain Salim,JP(E),Mohammad Mahmudur Rahman,NCP,Mahbub Alam,
Chittagong Division,275,Lakshmipur-2,BNP,Abul Khair Bhuiyan,JP(E),,Jamaat,Ruhul Amin Bhuiyan,
Chittagong Division,276,Lakshmipur-3,BNP,Shahid Uddin Chowdhury Anee,JP(E),A. K. M. Mohi Uddin,Jamaat,Rezaul Karim,
Chittagong Division,277,Lakshmipur-4,BNP,ABM Ashrafuddin Nizan,JP(E),,Jamaat,Ashrafur Rahman Hafizullah,
Chittagong Division,278,Chittagong-1,BNP,Nurul Amin,JP(E),Syed Shahadat Hossain,Jamaat,Mohammad Saifur Rahman,
Chittagong Division,279,Chittagong-2,BNP,Sarwar Alamgir,JP(E),,Jamaat,Mohammad Nurul Amin,
Chittagong Division,280,Chittagong-3,BNP,Mostafa Kamal Pasha,JP(E),,Jamaat,Mohammad Alauddin Sikder,
Chittagong Division,281,Chittagong-4,BNP,Aslam Chowdhury,JP(E),,Jamaat,Anowar Siddiqui Chowdhury,
Chittagong Division,282,Chittagong-5,BNP,Mir Mohammad Helal Uddin,JP(E),,BKM,Md. Nasir Uddin,
Chittagong Division,283,Chittagong-6,BNP,Giasuddin Quader Chowdhury,JP(E),,Jamaat,Shahjahan Manju,
Chittagong Division,284,Chittagong-7,BNP,Hummam Quader Chowdhury,JP(E),Md. Mehdi Rashed,Jamaat,ATM Rezaul Karim,
Chittagong Division,285,Chittagong-8,BNP,Ershad Ullah,JP(E),,NCP,Jobairul Hasan Arif,
Chittagong Division,286,Chittagong-9,BNP,Mohammad Abu Sufian,JP(E),,Jamaat,A. K. M. Fazlul Haque,
Chittagong Division,287,Chittagong-10,BNP,Sayeed Al Norman,JP(E),Mohammad Emdad Hossain Chowdhury,Jamaat,Muhammad Shamsuzzaman Helaly,
Chittagong Division,288,Chittagong-11,BNP,Amir Khasru Mahmud Chowdhury,JP(E),Abu Taher,Jamaat,Mohammad Shafiul Alam,
Chittagong Division,289,Chittagong-12,BNP,Enamul Haque Enam,JP(E),Farid Ahmed Chowdhury,Jamaat,Mohammad Faridul Alam,
Chittagong Division,290,Chittagong-13,BNP,Sarwar Jamal Nizam,JP(E),Abdur Rob Chowdhury,Jamaat,Mahmudul Hasan Chowdhury,
Chittagong Division,291,Chittagong-14,BNP,Jasim Uddin Ahmed,JP(E),Mohammad Badshah Mia,LDP,Omar Faruque,
Chittagong Division,292,Chittagong-15,BNP,Najmul Mostafa Amin,JP(E),,Jamaat,Shajahan Chowdhury,
Chittagong Division,293,Chittagong-16,BNP,Miskatul Islam Chowdhury,BML,Ehsanul Haque,Jamaat,Muhammad Jahirul Islam,
Chittagong Division,294,Cox's Bazar-1,BNP,Salahuddin Ahmed,JP(E),,Jamaat,Abdullah Al Faruk,
Chittagong Division,295,Cox's Bazar-2,BNP,Alamgir Mohammad Mahfuzullah Farid,JP(E),Md. Mahmudul Karim,Jamaat,A. H. M. Hamidur Rahman Azad,
Chittagong Division,296,Cox's Bazar-3,BNP,Lutfur Rahman Kajal,JP(E),,Jamaat,Shahidul Alam Bahadur,
Chittagong Division,297,Cox's Bazar-4,BNP,Shahjahan Chowdhury,JP(E),,Jamaat,Nur Ahmed Anwari,
Chittagong Division,298,Khagrachari,BNP,Wadud Bhuiyan,JP(E),Mithila Roja,Jamaat,Md. Eyakub Ali,
Chittagong Division,299,Rangamati,BNP,Dipen Dewan,JP(E),Ashok Talukder,BKM,Muhammad Abu Bakr Siddique,
Chittagong Division,300,Bandarban,BNP,Saching Prue Jerry,JP(E),Abu Jafar Mohammad Wali Ullah,NCP,Abu Sayeed Md. Shuja Uddin,
